,average_age,chances_pp,games,goals,goals_against_ev,goals_ev,goals_pp,goals_sh,losses,losses_ot,losses_shootout,opp_chances_pp,opp_goals,opp_goals_pp,opp_goals_sh,pdo,pen_kill_pct,pen_min_per_game,pen_min_per_game_opp,points,points_pct,power_play_pct,save_pct,shot_pct,shots,shots_against,sos,srs,team_name,total_goals_per_game,wins,wins_shootout,year,is_champ
0,28.4,274,82,267,145,193,58,10,18,11,7,299,211,54,5,101.6,81.94,11.3,9.6,117,0.713,21.17,0.923,9.9,2641,2659,0.03,0.71,Nashville Predators,5.83,53,6,2018,0
1,26.8,274,82,277,159,200,64,9,20,10,2,274,218,50,7,101.0,81.75,8.5,8.6,114,0.695,23.36,0.917,10.3,2643,2613,0.02,0.74,Winnipeg Jets,6.04,52,4,2018,0
2,27.5,276,82,296,172,216,66,9,23,5,2,267,236,64,3,102.0,76.03,10.1,10.4,113,0.6890000000000001,23.91,0.912,10.7,2737,2756,-0.07,0.66,Tampa Bay Lightning,6.49,54,6,2018,0
3,28.6,258,82,270,161,197,61,9,20,12,3,245,214,40,10,100.2,83.67,9.5,9.6,112,0.6829999999999999,23.64,0.912,9.9,2703,2399,-0.07,0.62,Boston Bruins,5.9,50,3,2018,0
4,28.0,248,82,272,182,218,53,8,24,7,3,237,228,44,5,100.5,81.43,7.1,7.8,109,0.665,21.37,0.911,10.1,2774,2619,-0.01,0.52,Vegas Golden Knights,6.1,51,4,2018,0
5,28.4,244,82,259,178,197,55,4,26,7,1,269,239,53,8,101.4,80.3,9.9,9.3,105,0.64,22.54,0.909,10.7,2400,2637,-0.04,0.21,Washington Capitals,6.07,49,3,2018,1
6,28.3,224,82,277,189,213,56,4,26,7,2,231,232,43,5,101.6,81.39,7.4,7.1,105,0.64,25.0,0.915,10.1,2700,2844,-0.06,0.49,Toronto Maple Leafs,6.21,49,7,2018,0
7,28.7,214,82,235,159,183,38,10,25,13,7,274,216,46,4,101.2,83.21,10.0,8.6,101,0.616,17.76,0.923,9.3,2475,2716,0.01,0.24,Anaheim Ducks,5.5,44,4,2018,0
8,29.5,240,82,253,176,194,49,7,26,11,3,272,232,51,6,100.7,81.25,8.4,7.7,101,0.616,20.42,0.91,10.0,2506,2595,0.04,0.29,Minnesota Wild,5.91,45,3,2018,0
9,27.7,260,82,272,195,198,68,6,29,6,2,265,250,53,3,98.5,80.0,9.6,9.2,100,0.61,26.15,0.902,9.6,2845,2575,-0.04,0.23,Pittsburgh Penguins,6.37,47,2,2018,0
10,28.8,257,82,252,191,188,53,8,27,10,3,224,229,34,3,99.3,84.82,7.8,8.1,100,0.61,20.62,0.909,9.1,2744,2521,0.0,0.28,San Jose Sharks,5.87,45,5,2018,0
11,27.4,261,82,251,176,196,54,3,26,14,7,223,243,54,10,100.3,75.78,8.7,9.3,98,0.598,20.69,0.903,9.5,2683,2506,-0.03,0.07,Philadelphia Flyers,6.02,42,2,2018,0
12,29.1,240,82,239,159,183,49,5,29,8,1,260,203,39,4,101.0,85.0,9.0,8.3,98,0.598,20.42,0.92,9.3,2544,2537,0.0,0.44,Los Angeles Kings,5.39,45,2,2018,0
13,26.4,227,82,242,170,195,39,4,30,7,4,214,230,51,7,100.2,76.17,7.0,7.4,97,0.591,17.18,0.912,8.5,2796,2612,-0.04,0.11,Columbus Blue Jackets,5.76,45,6,2018,0
14,27.7,252,82,248,190,178,54,12,29,9,4,258,244,47,6,99.7,81.78,8.6,8.4,97,0.591,21.43,0.908,9.3,2626,2654,-0.03,0.02,New Jersey Devils,6.0,44,5,2018,0
15,27.8,249,82,248,193,188,47,10,30,8,3,227,246,45,5,100.0,80.18,11.0,11.7,96,0.585,18.88,0.914,8.7,2822,2838,-0.04,-0.01,Florida Panthers,6.02,44,3,2018,0
16,26.4,296,82,257,183,188,65,7,30,9,1,269,237,45,13,101.3,83.27,9.2,10.0,95,0.579,21.96,0.914,10.5,2489,2809,0.04,0.28,Colorado Avalanche,6.02,43,2,2018,0
17,28.5,246,82,226,166,180,38,5,32,6,0,231,222,47,9,100.0,79.65,7.7,8.2,94,0.573,15.45,0.909,8.3,2677,2438,0.05,0.1,St Louis Blues,5.46,44,3,2018,0
18,28.5,244,82,235,158,177,47,7,32,8,3,281,225,54,10,100.3,80.78,10.1,9.6,92,0.561,19.26,0.909,9.0,2560,2447,0.04,0.17,Dallas Stars,5.61,42,4,2018,0
19,28.4,269,82,218,187,166,43,7,35,10,5,269,248,49,7,98.9,81.78,11.1,11.2,84,0.512,15.99,0.905,7.8,2759,2554,0.03,-0.33,Calgary Flames,5.68,37,2,2018,0
20,27.0,239,82,228,204,178,44,3,35,11,3,191,256,43,6,98.2,77.49,6.2,7.1,83,0.506,18.41,0.893,8.1,2780,2367,-0.01,-0.35,Carolina Hurricanes,5.9,36,3,2018,0
21,28.4,250,82,264,219,198,58,5,37,10,3,235,296,63,11,100.4,73.19,7.8,8.1,80,0.488,23.2,0.9,10.1,2572,2918,-0.01,-0.4,New York Islanders,6.83,35,3,2018,0
22,26.8,210,82,234,200,187,31,11,40,6,1,245,263,57,5,99.4,76.73,9.2,7.6,78,0.476,14.76,0.901,8.4,2740,2634,0.03,-0.32,Edmonton Oilers,6.06,36,5,2018,0
23,28.7,241,82,231,212,172,51,5,39,9,5,247,268,46,5,99.8,81.38,8.0,8.0,77,0.47,21.16,0.909,9.0,2538,2898,-0.01,-0.46,New York Rangers,6.09,34,3,2018,0
24,28.0,269,82,229,198,180,43,5,39,10,2,236,256,49,7,99.1,79.24,7.5,8.9,76,0.463,15.99,0.906,8.2,2793,2697,0.07,-0.26,Chicago Blackhawks,5.91,33,1,2018,0
25,28.2,247,82,218,189,158,53,7,40,11,5,276,264,60,10,99.4,78.26,8.7,8.0,73,0.445,21.46,0.902,8.8,2464,2641,0.05,-0.51,Vancouver Canucks,5.88,31,0,2018,0
26,30.2,234,82,217,191,162,41,9,39,13,1,259,255,58,5,99.5,77.61,8.9,8.3,73,0.445,17.52,0.903,8.5,2490,2613,-0.01,-0.48,Detroit Red Wings,5.76,30,5,2018,0
27,27.8,244,82,209,184,148,52,7,40,13,6,263,264,68,6,98.7,74.14,8.6,8.8,71,0.433,21.31,0.903,7.7,2687,2650,0.0,-0.68,Montreal Canadiens,5.77,29,2,2018,0
28,26.5,243,82,208,195,163,41,2,41,12,5,224,256,46,10,99.5,79.46,7.8,8.3,70,0.4270000000000001,16.87,0.905,8.4,2450,2642,0.05,-0.53,Arizona Coyotes,5.66,29,2,2018,0
29,29.3,248,82,221,222,174,41,4,43,11,7,235,291,56,6,98.8,76.17,8.1,8.4,67,0.409,16.53,0.895,8.7,2515,2712,0.0,-0.85,Ottawa Senators,6.24,28,2,2018,0
30,27.1,257,82,199,216,140,49,9,45,12,2,235,280,52,10,98.0,77.87,8.2,8.8,62,0.378,19.07,0.8959999999999999,7.7,2557,2681,0.01,-0.98,Buffalo Sabres,5.84,25,1,2018,0
31,28.4,248,82,263,130,199,57,5,19,8,5,272,182,44,3,102.5,83.82,9.1,8.7,118,0.72,22.98,0.922,10.5,2495,2282,0.0,0.99,Washington Capitals,5.43,55,2,2017,0
32,28.7,260,82,282,151,213,60,5,21,11,5,257,234,52,7,101.0,79.77,8.6,7.9,111,0.677,23.08,0.915,10.1,2745,2393,0.01,0.59,Pittsburgh Penguins,6.29,50,4,2017,1
33,29.4,233,82,244,155,197,42,1,23,9,1,211,213,47,7,101.3,77.73,7.1,7.7,109,0.665,18.03,0.918,9.6,2508,2548,-0.06,0.32,Chicago Blackhawks,5.57,50,4,2017,0
34,26.2,211,82,249,152,195,42,10,24,8,2,223,195,39,2,101.2,82.51,8.7,8.6,108,0.659,19.91,0.922,9.7,2540,2489,0.02,0.68,Columbus Blue Jackets,5.41,50,2,2017,0
35,28.3,224,82,266,154,211,47,5,25,8,2,217,208,37,3,101.5,82.95,8.2,7.7,106,0.6459999999999999,20.98,0.914,10.4,2527,2203,-0.08,0.63,Minnesota Wild,5.78,49,3,2017,0
36,27.6,251,82,223,143,164,47,9,23,13,3,281,200,43,7,100.7,84.7,11.4,9.7,105,0.64,18.73,0.917,9.1,2425,2286,-0.04,0.24,Anaheim Ducks,5.16,46,3,2017,0
37,28.8,230,82,226,145,173,45,5,26,9,2,249,200,47,6,100.7,81.12,9.3,7.9,103,0.628,19.57,0.918,9.1,2459,2429,-0.01,0.31,Montreal Canadiens,5.2,47,3,2017,0
38,26.7,245,82,247,150,183,56,4,26,9,5,223,212,43,5,100.9,80.72,9.0,8.7,103,0.628,22.86,0.915,9.5,2547,2228,-0.06,0.37,Edmonton Oilers,5.6,47,4,2017,0
39,28.3,232,82,256,158,197,47,9,28,6,4,224,220,45,5,101.0,79.91,7.2,7.5,102,0.622,20.26,0.911,10.4,2438,2304,0.03,0.47,New York Rangers,5.8,48,3,2017,0
40,28.0,235,82,235,162,180,50,3,29,7,2,263,218,40,5,100.7,84.79,9.0,7.8,99,0.604,21.28,0.906,10.0,2330,2187,-0.04,0.17,St Louis Blues,5.52,46,2,2017,0
41,29.6,246,82,221,130,171,41,7,29,7,1,212,201,41,6,100.3,80.66,7.8,7.2,99,0.604,16.67,0.915,8.9,2453,1992,-0.03,0.21,San Jose Sharks,5.15,46,2,2017,0
42,28.8,254,82,212,147,156,43,7,28,10,4,247,214,50,3,99.7,79.76,10.3,9.6,98,0.598,16.93,0.915,8.4,2463,2350,0.01,-0.01,Ottawa Senators,5.2,44,6,2017,0
43,26.2,244,82,251,177,186,57,6,27,15,8,251,242,44,7,100.5,82.47,9.7,9.8,95,0.579,23.36,0.913,9.6,2617,2611,0.0,0.11,Toronto Maple Leafs,6.01,40,1,2017,0
44,28.8,244,82,234,165,169,53,10,31,7,3,266,212,38,6,98.4,85.71,10.1,9.8,95,0.579,21.72,0.905,8.5,2721,2194,0.0,0.27,Boston Bruins,5.44,44,2,2017,0
45,26.8,272,82,234,150,164,62,4,30,10,3,258,227,48,8,99.8,81.4,10.7,10.7,94,0.573,22.79,0.912,9.4,2452,2239,0.01,0.09,Tampa Bay Lightning,5.62,42,4,2017,0
46,28.4,234,82,241,190,199,35,5,29,12,4,227,242,40,7,100.6,82.38,7.9,7.9,94,0.573,14.96,0.909,9.6,2480,2616,0.05,0.03,New York Islanders,5.89,41,2,2017,0
47,27.9,259,82,240,168,177,49,12,29,12,4,241,224,46,6,100.4,80.91,10.2,10.7,94,0.573,18.92,0.911,9.3,2557,2472,-0.04,0.16,Nashville Predators,5.66,41,2,2017,0
48,28.3,258,82,226,163,162,52,8,33,4,2,277,221,51,5,99.7,81.59,11.7,10.7,94,0.573,20.16,0.907,9.3,2388,2354,-0.04,0.02,Calgary Flames,5.45,45,4,2017,0
49,27.6,277,82,219,172,154,54,4,33,10,5,247,236,50,9,98.5,79.76,10.3,11.1,88,0.537,19.49,0.901,8.2,2585,2334,0.04,-0.17,Philadelphia Flyers,5.55,39,7,2017,0
50,26.1,264,82,249,175,188,48,10,35,7,1,275,256,62,9,99.9,77.45,10.2,9.3,87,0.53,18.18,0.901,10.0,2448,2448,-0.03,-0.11,Winnipeg Jets,6.16,40,3,2017,0
51,26.8,231,82,215,192,161,41,10,31,15,6,202,236,32,6,98.8,84.16,5.8,6.6,87,0.53,17.75,0.901,8.5,2493,2320,0.05,-0.21,Carolina Hurricanes,5.5,36,3,2017,0
52,29.1,241,82,201,157,148,46,5,35,8,4,245,205,38,3,98.5,84.49,9.2,9.0,86,0.524,19.09,0.902,7.8,2553,1999,-0.02,-0.07,Los Angeles Kings,4.95,39,2,2017,0
53,28.6,265,82,210,187,152,45,8,36,11,6,245,237,36,8,98.9,85.31,9.9,9.9,81,0.494,16.98,0.911,7.8,2644,2595,0.03,-0.3,Florida Panthers,5.45,35,5,2017,0
54,28.5,257,82,223,160,171,46,5,37,11,2,249,262,65,11,99.5,73.9,9.9,8.6,79,0.482,17.9,0.8959999999999999,8.9,2505,2178,-0.01,-0.48,Dallas Stars,5.91,34,1,2017,0
55,28.4,252,82,207,190,157,38,3,36,13,0,235,244,45,9,99.6,80.85,8.8,9.2,79,0.482,15.08,0.903,8.5,2335,2507,0.04,-0.41,Detroit Red Wings,5.5,33,9,2017,0
56,26.4,233,82,201,172,139,57,3,37,12,6,237,237,53,4,99.4,77.64,9.0,8.5,78,0.476,24.46,0.918,8.0,2491,2781,0.03,-0.41,Buffalo Sabres,5.34,33,2,2017,0
57,27.3,235,82,197,177,145,38,8,42,10,2,260,260,59,7,99.8,77.31,9.9,7.6,70,0.4270000000000001,16.17,0.907,8.4,2281,2592,0.01,-0.76,Arizona Coyotes,5.57,30,6,2017,0
58,28.1,251,82,183,164,130,44,6,40,14,3,261,244,53,12,99.0,79.69,10.0,8.8,70,0.4270000000000001,17.53,0.907,7.9,2279,2440,0.08,-0.67,New Jersey Devils,5.21,28,3,2017,0
59,28.8,227,82,182,183,144,32,2,43,9,2,223,243,52,6,99.5,76.68,7.9,7.9,69,0.421,14.1,0.907,7.8,2273,2605,0.01,-0.73,Vancouver Canucks,5.18,30,4,2017,0
60,27.6,239,82,166,210,130,30,5,56,4,2,274,278,64,2,97.4,76.64,9.4,8.2,48,0.293,12.55,0.894,7.2,2303,2603,0.05,-1.32,Colorado Avalanche,5.41,22,1,2017,0
61,27.9,251,82,252,148,191,55,2,18,8,2,256,193,38,5,101.1,85.16,9.2,8.9,120,0.732,21.91,0.918,9.9,2510,2332,-0.02,0.7,Washington Capitals,5.43,56,4,2016,0
62,28.9,262,82,267,154,197,58,10,23,9,2,248,230,44,15,99.8,82.26,8.8,7.9,109,0.665,22.14,0.905,10.1,2624,2123,-0.01,0.45,Dallas Stars,6.06,50,2,2016,0
63,28.0,237,82,224,151,164,51,4,24,9,4,276,201,41,5,100.1,85.14,10.5,9.2,107,0.652,21.52,0.919,8.9,2474,2439,0.0,0.28,St Louis Blues,5.18,49,5,2016,0
64,29.0,261,82,245,150,182,48,11,26,8,4,257,203,40,5,100.5,84.44,8.5,8.7,104,0.634,18.39,0.919,8.9,2722,2348,-0.01,0.5,Pittsburgh Penguins,5.46,48,4,2016,1
65,27.4,245,82,218,146,152,56,7,25,11,4,290,192,37,3,99.2,87.24,12.5,10.5,103,0.628,22.86,0.915,8.7,2483,2177,-0.05,0.27,Anaheim Ducks,5.0,46,3,2016,0
66,29.2,278,82,239,138,180,47,5,26,9,3,268,203,55,5,101.7,79.48,10.4,10.2,103,0.628,16.91,0.918,9.8,2358,2391,-0.02,0.42,Florida Panthers,5.39,47,7,2016,0
67,28.6,252,82,235,158,167,57,10,26,9,2,233,209,46,3,99.6,80.26,7.5,8.6,103,0.628,22.62,0.918,9.4,2498,2526,0.0,0.32,Chicago Blackhawks,5.41,47,1,2016,0
68,28.3,235,82,225,136,171,47,5,28,6,3,285,195,53,3,99.8,81.4,10.6,9.1,102,0.622,20.0,0.915,8.5,2625,2254,-0.04,0.32,Los Angeles Kings,5.12,48,2,2016,0
69,29.6,226,82,236,152,188,42,3,27,9,2,243,217,53,5,102.1,78.19,8.6,7.7,101,0.616,18.58,0.913,10.0,2336,2383,0.01,0.24,New York Rangers,5.52,46,3,2016,0
70,27.9,229,82,232,169,178,43,7,27,10,5,232,216,36,6,100.6,84.48,8.8,9.2,100,0.61,18.78,0.915,9.4,2412,2495,0.0,0.19,New York Islanders,5.46,45,5,2016,0
71,29.1,275,82,241,132,169,62,6,30,6,3,236,210,46,7,100.0,80.51,8.9,10.1,98,0.598,22.55,0.909,9.5,2491,1942,-0.05,0.33,San Jose Sharks,5.5,46,4,2016,0
72,27.3,279,82,227,142,173,44,7,31,5,3,257,201,41,7,100.8,84.05,9.9,10.4,97,0.591,15.77,0.917,9.3,2402,2278,-0.02,0.3,Tampa Bay Lightning,5.22,46,3,2016,0
73,28.1,280,82,214,147,155,53,3,27,14,8,262,218,51,8,100.4,80.53,11.8,11.8,96,0.585,18.93,0.917,8.3,2540,2456,0.02,-0.03,Philadelphia Flyers,5.27,41,3,2016,0
74,28.4,259,82,228,160,166,51,7,27,14,2,245,215,46,2,99.5,81.22,9.9,9.4,96,0.585,19.69,0.904,8.9,2507,2165,0.01,0.17,Nashville Predators,5.4,41,4,2016,0
75,28.8,234,82,240,176,179,48,9,31,9,2,270,230,48,4,100.1,82.22,11.4,10.4,93,0.5670000000000001,20.51,0.908,9.0,2620,2490,-0.02,0.11,Boston Bruins,5.73,42,4,2016,0
76,28.7,266,82,211,165,157,50,2,30,11,5,271,224,50,4,99.7,81.55,8.8,9.1,93,0.5670000000000001,18.8,0.91,8.6,2432,2439,0.0,-0.16,Detroit Red Wings,5.3,41,2,2016,0
77,28.0,259,82,216,133,158,48,7,33,11,2,204,206,45,6,100.6,77.94,6.6,6.9,87,0.53,18.53,0.914,9.0,2374,2050,0.01,0.13,Minnesota Wild,5.15,38,3,2016,0
78,27.0,238,82,198,159,153,40,3,31,16,5,204,226,32,5,98.6,84.31,6.9,7.0,86,0.524,16.81,0.905,8.0,2451,2021,0.03,-0.31,Carolina Hurricanes,5.17,35,2,2016,0
79,27.0,239,82,236,174,175,38,17,35,9,6,253,247,61,3,101.0,75.89,10.9,10.8,85,0.518,15.9,0.91,9.9,2325,2599,0.01,-0.13,Ottawa Senators,5.89,38,6,2016,0
80,27.9,256,82,184,134,126,51,5,36,8,6,264,208,45,8,99.6,82.95,9.9,8.4,84,0.512,19.92,0.915,9.1,2003,2125,0.02,-0.28,New Jersey Devils,4.78,38,2,2016,0
81,28.0,259,82,221,176,166,42,8,38,6,3,254,236,46,11,99.4,81.89,9.4,9.9,82,0.5,16.22,0.903,8.6,2504,2408,0.0,-0.18,Montreal Canadiens,5.57,38,5,2016,0
82,28.3,266,82,216,180,157,48,7,39,4,0,258,240,51,9,100.5,80.23,9.4,9.4,82,0.5,18.05,0.909,9.0,2348,2649,0.03,-0.26,Colorado Avalanche,5.56,39,4,2016,0
83,26.2,254,82,201,155,145,48,6,36,11,7,218,222,38,6,99.2,82.57,9.1,9.0,81,0.494,18.9,0.914,8.2,2418,2264,0.01,-0.25,Buffalo Sabres,5.16,35,2,2016,0
84,27.6,300,82,209,152,151,53,4,39,8,1,304,245,69,14,100.6,77.3,12.3,10.7,78,0.476,17.67,0.902,9.2,2265,2375,0.01,-0.43,Arizona Coyotes,5.54,35,1,2016,0
85,26.8,257,82,215,164,164,38,10,39,8,3,282,239,61,4,99.7,78.37,11.2,9.9,78,0.476,14.79,0.903,8.7,2427,2325,0.03,-0.26,Winnipeg Jets,5.54,35,3,2016,0
86,27.7,270,82,231,193,173,46,10,40,7,3,234,260,57,7,99.4,75.64,9.2,9.5,77,0.47,17.04,0.892,9.5,2398,2377,-0.01,-0.36,Calgary Flames,5.99,35,2,2016,0
87,26.5,248,82,219,187,167,43,3,40,8,4,279,252,53,8,99.8,81.0,12.1,10.7,76,0.463,17.34,0.903,8.9,2387,2550,0.03,-0.38,Columbus Blue Jackets,5.74,34,6,2016,0
88,28.9,247,82,191,184,143,39,4,38,13,4,249,243,47,8,99.4,81.12,10.0,10.0,75,0.457,15.79,0.91,8.0,2311,2668,0.02,-0.62,Vancouver Canucks,5.29,31,5,2016,0
89,26.4,237,82,203,165,151,43,5,43,8,3,254,245,49,6,98.8,80.71,9.7,8.3,70,0.4270000000000001,18.14,0.906,8.3,2386,2275,0.0,-0.51,Edmonton Oilers,5.46,31,4,2016,0
90,27.4,259,82,198,156,149,40,3,42,11,6,272,246,50,8,98.4,81.62,9.2,7.8,69,0.421,15.44,0.902,7.6,2515,2110,0.03,-0.56,Toronto Maple Leafs,5.41,29,6,2016,0
91,29.4,232,82,252,131,200,39,9,22,7,5,235,192,37,6,101.7,84.26,8.7,7.7,113,0.6890000000000001,16.81,0.922,9.6,2582,2191,-0.04,0.69,New York Rangers,5.41,53,4,2015,0
92,28.4,242,82,221,138,167,40,7,22,10,5,257,189,42,4,101.3,83.66,10.2,9.3,110,0.6709999999999999,16.53,0.926,9.2,2334,2470,-0.03,0.36,Montreal Canadiens,5.0,50,7,2015,0
93,28.3,251,82,248,150,181,56,2,24,7,4,257,201,42,5,100.3,83.66,11.0,10.6,109,0.665,22.31,0.912,9.4,2535,2233,0.02,0.59,St Louis Blues,5.48,51,9,2015,0
94,27.0,236,82,236,163,182,37,9,24,7,5,274,226,52,6,100.2,81.02,10.8,9.8,109,0.665,15.68,0.907,9.3,2458,2367,-0.03,0.1,Anaheim Ducks,5.63,51,8,2015,0
95,26.9,282,82,262,150,199,53,7,24,8,5,257,211,42,6,100.8,83.66,9.9,9.9,108,0.659,18.79,0.91,10.7,2428,2137,-0.06,0.57,Tampa Bay Lightning,5.77,50,3,2015,0
96,28.4,259,82,232,152,180,42,4,25,10,6,234,208,45,5,101.0,80.77,8.5,9.3,104,0.634,16.22,0.913,8.6,2614,2317,0.03,0.33,Nashville Predators,5.37,47,6,2015,0
97,29.3,260,82,229,123,171,46,3,28,6,3,211,189,35,7,100.3,83.41,7.3,7.3,102,0.622,17.69,0.925,7.9,2777,2127,0.02,0.51,Chicago Blackhawks,5.1,48,9,2015,1
98,29.4,238,82,242,156,184,46,6,29,5,2,266,222,38,2,99.5,85.71,10.9,8.4,101,0.616,19.33,0.907,9.6,2453,1993,-0.05,0.2,Vancouver Canucks,5.66,48,6,2015,0
99,27.3,267,82,252,170,185,50,10,28,7,6,217,230,48,3,99.4,77.88,8.5,9.3,101,0.616,18.73,0.904,8.8,2771,2301,-0.01,0.26,New York Islanders,5.88,47,7,2015,0
100,28.1,237,82,242,145,173,60,4,26,11,4,266,203,50,4,100.3,81.2,10.5,10.4,101,0.616,25.32,0.916,9.8,2419,2368,-0.03,0.44,Washington Capitals,5.43,45,5,2015,0
101,28.9,294,82,235,148,158,70,3,25,14,10,288,221,55,8,100.0,80.9,8.8,9.7,100,0.61,23.81,0.909,9.5,2429,2322,-0.03,0.14,Detroit Red Wings,5.56,43,4,2015,0
102,27.7,246,82,231,157,184,39,4,28,8,3,234,201,32,3,100.2,86.32,8.9,8.8,100,0.61,15.85,0.912,9.0,2522,2182,0.03,0.39,Minnesota Wild,5.27,46,4,2015,0
103,27.3,269,82,230,125,165,48,10,26,13,6,308,210,56,5,100.8,81.82,13.0,10.1,99,0.604,17.84,0.917,9.1,2439,2141,0.04,0.29,Winnipeg Jets,5.37,43,7,2015,0
104,26.9,280,82,238,149,179,47,6,26,13,7,257,215,44,8,101.0,82.88,10.3,10.9,99,0.604,16.79,0.922,9.1,2539,2550,-0.04,0.25,Ottawa Senators,5.52,43,6,2015,0
105,29.5,254,82,221,149,162,49,6,27,12,6,277,210,42,11,100.0,84.84,13.7,11.9,98,0.598,19.29,0.915,8.4,2594,2374,-0.01,0.12,Pittsburgh Penguins,5.26,43,4,2015,0
106,28.2,255,82,241,171,183,48,6,30,7,3,186,216,36,3,100.8,80.65,7.6,8.8,97,0.591,18.82,0.91,10.5,2252,2332,-0.05,0.26,Calgary Flames,5.57,45,4,2015,0
107,28.3,213,82,213,148,163,38,8,27,14,10,244,211,44,3,100.1,81.97,9.5,8.2,96,0.585,17.84,0.918,8.2,2546,2377,-0.01,0.01,Boston Bruins,5.17,41,4,2015,0
108,28.5,247,82,220,143,164,47,7,27,15,8,236,205,45,2,100.2,80.93,9.1,8.8,95,0.579,19.03,0.911,8.6,2536,2130,-0.03,0.16,Los Angeles Kings,5.18,40,2,2015,0
109,28.5,290,82,261,178,193,55,9,31,10,3,254,260,49,7,99.8,80.71,9.6,9.6,92,0.561,18.97,0.895,10.0,2558,2148,0.05,0.06,Dallas Stars,6.35,41,4,2015,0
110,29.2,246,82,206,155,157,40,1,29,15,10,250,223,50,6,99.6,80.0,8.9,8.9,91,0.555,16.26,0.913,7.9,2516,2397,-0.02,-0.23,Florida Panthers,5.23,38,8,2015,0
111,28.6,247,82,219,184,168,37,4,31,12,4,241,227,37,2,101.1,84.65,9.4,9.6,90,0.5489999999999999,14.98,0.918,9.1,2286,2719,0.06,-0.04,Colorado Avalanche,5.44,39,10,2015,0
112,28.5,254,82,228,165,165,55,4,33,9,6,223,232,48,5,99.2,78.48,9.3,8.9,89,0.5429999999999999,21.65,0.906,8.6,2591,2277,-0.03,-0.08,San Jose Sharks,5.61,40,4,2015,0
113,27.0,244,82,236,183,169,53,5,35,5,2,303,250,60,5,99.8,80.2,11.9,11.0,89,0.5429999999999999,21.72,0.91,9.6,2366,2742,0.01,-0.16,Columbus Blue Jackets,5.93,42,9,2015,0
114,28.6,256,82,215,156,149,60,3,31,18,11,266,234,61,6,100.4,77.07,10.2,9.2,84,0.512,23.44,0.91,8.8,2413,2481,0.0,-0.23,Philadelphia Flyers,5.48,33,3,2015,0
115,30.5,212,82,181,134,128,41,7,36,14,7,268,216,52,8,100.7,80.6,9.3,7.2,78,0.476,19.34,0.921,8.8,2008,2340,0.02,-0.4,New Jersey Devils,4.84,32,5,2015,0
116,27.9,240,82,188,185,136,45,2,41,11,7,190,226,29,4,97.6,84.74,6.7,8.1,71,0.433,18.75,0.902,7.3,2524,2220,0.02,-0.44,Carolina Hurricanes,5.05,30,5,2015,0
117,27.7,283,82,211,185,154,45,7,44,8,5,266,262,52,12,99.4,80.45,10.0,10.2,68,0.415,15.9,0.905,8.6,2397,2567,0.02,-0.61,Toronto Maple Leafs,5.77,30,5,2015,0
118,27.2,232,82,198,213,148,41,4,44,14,7,219,283,51,7,97.6,76.71,8.3,8.4,62,0.378,17.67,0.889,8.3,2331,2409,0.03,-1.01,Edmonton Oilers,5.87,24,5,2015,0
119,28.5,230,82,170,181,115,46,4,50,8,5,279,272,65,7,97.5,76.7,9.5,8.1,56,0.341,20.0,0.903,6.9,2393,2600,0.04,-1.2,Arizona Coyotes,5.39,24,5,2015,0
120,26.9,224,82,161,172,116,30,7,51,8,5,257,274,64,8,99.5,75.1,10.4,8.6,54,0.329,13.39,0.911,7.7,1984,2598,0.05,-1.33,Buffalo Sabres,5.3,23,8,2015,0
121,27.6,230,82,261,119,199,50,9,19,9,6,263,177,43,6,102.1,83.65,10.8,9.7,117,0.713,21.74,0.929,9.9,2612,2350,-0.11,0.92,Boston Bruins,5.34,54,3,2014,0
122,27.7,275,82,266,147,209,44,10,20,8,6,270,209,48,8,102.0,82.22,10.9,12.6,116,0.7070000000000001,16.0,0.914,10.2,2569,2353,-0.01,0.68,Anaheim Ducks,5.79,54,3,2014,0
123,26.9,252,82,250,166,192,50,3,22,8,4,249,220,48,1,101.5,80.72,10.9,10.3,112,0.6829999999999999,19.84,0.918,10.1,2420,2610,0.04,0.4,Colorado Avalanche,5.73,52,5,2014,0
124,28.7,291,82,249,146,181,50,8,22,9,7,219,200,33,6,99.7,84.93,9.0,10.7,111,0.677,17.18,0.917,8.4,2851,2177,0.0,0.6,San Jose Sharks,5.48,51,10,2014,0
125,27.4,283,82,248,140,177,56,6,23,7,3,293,191,42,6,100.6,85.67,14.2,14.2,111,0.677,19.79,0.913,10.0,2402,2163,0.01,0.71,St Louis Blues,5.35,52,9,2014,0
126,28.3,278,82,249,160,173,65,4,24,7,3,254,207,38,6,100.1,85.04,10.1,10.9,109,0.665,23.38,0.913,9.9,2454,2358,-0.04,0.47,Pittsburgh Penguins,5.56,51,7,2014,0
127,27.5,257,82,267,138,202,50,9,21,15,8,248,220,46,6,99.9,81.45,8.5,7.8,107,0.652,19.46,0.905,9.6,2715,1977,0.02,0.6,Chicago Blackhawks,5.94,46,6,2014,0
128,27.1,270,82,240,141,172,50,10,27,9,6,270,215,52,8,100.5,80.74,10.3,9.5,101,0.616,18.52,0.913,9.5,2446,2247,-0.06,0.25,Tampa Bay Lightning,5.55,46,8,2014,0
129,28.3,279,82,215,137,155,48,6,28,8,3,289,204,43,8,100.5,85.12,13.0,11.1,100,0.61,17.2,0.921,9.0,2330,2311,-0.05,0.08,Montreal Canadiens,5.11,46,6,2014,0
130,27.4,284,82,206,112,150,43,5,28,8,6,296,174,50,6,100.1,83.11,10.7,10.9,100,0.61,15.14,0.92,7.6,2595,2086,0.01,0.4,Los Angeles Kings,4.63,46,8,2014,1
131,27.2,252,82,207,135,150,45,4,27,12,8,250,206,53,8,101.0,78.8,9.5,9.4,98,0.598,17.86,0.91,9.1,2180,2176,0.05,0.07,Minnesota Wild,5.04,43,8,2014,0
132,27.4,264,82,218,141,156,48,10,31,6,3,232,193,34,7,99.8,85.34,10.0,9.9,96,0.585,18.18,0.921,7.9,2719,2290,-0.04,0.26,New York Rangers,5.01,45,4,2014,0
133,27.7,294,82,236,157,167,58,8,30,10,8,316,235,48,11,100.2,84.81,14.4,12.9,94,0.573,19.73,0.909,9.4,2490,2342,-0.02,-0.01,Philadelphia Flyers,5.74,42,3,2014,0
134,28.6,282,82,222,166,164,50,3,28,15,9,295,230,50,5,100.2,83.05,8.8,8.6,93,0.5670000000000001,17.73,0.908,8.8,2456,2400,-0.04,-0.14,Detroit Red Wings,5.51,39,5,2014,0
135,26.1,280,82,231,156,163,54,9,32,7,2,280,216,50,8,100.7,82.14,11.1,11.0,93,0.5670000000000001,19.29,0.915,9.3,2431,2524,-0.03,0.16,Columbus Blue Jackets,5.45,43,5,2014,0
136,28.2,290,82,235,158,177,46,8,31,11,5,263,228,49,5,100.3,81.37,11.0,11.1,91,0.555,15.86,0.91,8.9,2597,2345,0.05,0.14,Dallas Stars,5.65,40,4,2014,0
137,26.5,291,82,235,168,152,68,5,30,14,11,284,240,51,10,100.2,82.04,11.7,12.4,90,0.5489999999999999,23.37,0.917,9.3,2412,2750,-0.02,-0.08,Washington Capitals,5.79,38,10,2014,0
138,28.7,282,82,216,143,150,56,3,30,15,7,272,231,57,5,100.2,79.04,9.9,8.7,89,0.5429999999999999,19.86,0.912,8.4,2497,2223,0.03,-0.16,Phoenix Coyotes,5.45,37,6,2014,0
139,26.7,239,82,216,169,166,46,2,32,12,9,238,242,47,0,99.2,80.25,9.9,8.7,88,0.537,19.25,0.905,9.0,2382,2215,0.07,-0.25,Nashville Predators,5.59,38,2,2014,0
140,30.6,241,82,197,132,141,47,9,29,18,13,264,208,36,4,98.8,86.36,8.0,7.1,88,0.537,19.5,0.908,9.0,2199,1810,-0.02,-0.15,New Jersey Devils,4.94,35,0,2014,0
141,26.6,271,82,236,182,174,50,5,31,14,7,320,265,61,10,99.6,80.94,13.3,11.5,88,0.537,18.45,0.909,8.5,2691,2767,-0.02,-0.37,Ottawa Senators,6.11,37,7,2014,0
142,26.3,259,82,227,155,174,40,5,35,10,6,291,237,49,6,99.4,83.16,11.9,9.5,84,0.512,15.44,0.909,8.7,2516,2193,0.06,-0.07,Winnipeg Jets,5.66,37,8,2014,0
143,26.2,252,82,231,176,165,50,7,36,8,4,268,256,58,12,101.0,78.36,12.7,11.4,84,0.512,19.84,0.913,9.7,2290,2822,-0.04,-0.34,Toronto Maple Leafs,5.94,38,9,2014,0
144,27.0,281,82,207,174,153,41,11,35,11,4,241,230,44,8,99.4,81.74,7.9,9.0,83,0.506,14.59,0.911,8.0,2561,2537,-0.01,-0.29,Carolina Hurricanes,5.33,36,2,2014,0
145,28.6,257,82,196,152,146,39,6,35,11,7,274,223,46,4,99.4,83.21,13.6,11.3,83,0.506,15.18,0.908,7.6,2527,2156,0.03,-0.3,Vancouver Canucks,5.11,36,5,2014,0
146,26.2,276,82,225,196,159,49,8,37,11,6,265,267,58,7,98.6,78.11,12.4,11.5,79,0.482,17.75,0.894,8.5,2537,2464,0.0,-0.51,New York Islanders,6.0,34,9,2014,0
147,26.7,249,82,209,188,151,39,12,40,7,3,235,241,43,7,98.9,81.7,10.5,10.6,77,0.47,15.66,0.899,9.2,2199,2345,0.04,-0.35,Calgary Flames,5.49,35,7,2014,0
148,26.5,271,82,203,196,149,46,4,44,9,3,280,270,50,13,99.2,82.14,11.8,11.8,67,0.409,16.97,0.903,9.0,2208,2665,0.07,-0.75,Edmonton Oilers,5.77,29,4,2014,0
149,29.0,269,82,196,193,153,27,8,45,8,6,262,268,63,6,98.5,75.95,10.3,10.9,66,0.402,10.04,0.897,7.7,2451,2551,0.01,-0.87,Florida Panthers,5.66,29,8,2014,0
150,26.6,256,82,157,175,109,36,5,51,10,5,274,248,51,5,98.4,81.39,11.0,9.8,52,0.317,14.06,0.913,7.0,2156,2611,0.02,-1.09,Buffalo Sabres,4.94,21,7,2014,0
151,26.8,150,48,155,72,119,25,5,7,5,5,141,102,18,5,101.7,87.23,9.2,9.8,77,0.802,16.67,0.922,10.0,1494,1199,-0.07,1.04,Chicago Blackhawks,5.35,36,6,2013,1
152,29.0,170,48,165,82,118,42,2,12,0,0,167,119,34,3,102.5,79.64,11.7,12.1,72,0.75,24.71,0.915,11.3,1438,1403,-0.05,0.91,Pittsburgh Penguins,5.92,36,3,2013,0
153,28.8,135,48,140,80,100,29,5,12,6,3,162,118,30,5,101.5,81.48,11.1,9.5,66,0.688,21.48,0.914,9.9,1347,1340,-0.02,0.43,Anaheim Ducks,5.38,30,6,2013,0
154,27.8,203,48,149,87,104,42,0,14,5,2,173,126,35,2,100.9,79.77,13.3,14.9,63,0.6559999999999999,20.69,0.904,9.9,1468,1293,-0.02,0.46,Montreal Canadiens,5.73,29,3,2013,0
155,27.8,122,48,131,75,104,18,5,14,6,3,163,109,21,2,100.5,87.12,12.2,8.7,62,0.6459999999999999,14.75,0.92,8.2,1557,1205,-0.02,0.44,Boston Bruins,5.0,28,4,2013,0
156,26.3,149,48,129,86,92,29,3,17,2,1,150,115,23,5,99.4,84.67,11.1,11.3,60,0.625,19.46,0.902,9.3,1336,1161,0.02,0.31,St Louis Blues,5.08,29,5,2013,0
157,26.5,166,48,133,81,96,33,2,16,5,4,161,118,27,1,99.2,83.23,10.0,9.3,59,0.615,19.88,0.9,9.2,1431,1065,-0.02,0.29,Los Angeles Kings,5.23,27,2,2013,0
158,28.2,165,48,127,85,94,26,2,15,7,6,169,121,27,3,100.4,84.02,12.7,13.1,59,0.615,15.76,0.917,9.0,1350,1389,-0.06,0.07,Vancouver Canucks,5.17,26,5,2013,0
159,26.0,166,48,145,91,113,31,1,17,5,5,157,133,19,4,102.5,87.9,16.2,12.3,57,0.594,18.67,0.919,11.5,1264,1375,0.02,0.27,Toronto Maple Leafs,5.79,26,0,2013,0
160,26.6,164,48,149,90,99,44,3,18,3,0,163,130,36,4,101.2,77.91,10.8,11.5,57,0.594,26.83,0.916,10.8,1350,1551,-0.09,0.31,Washington Capitals,5.81,27,3,2013,0
161,28.9,169,48,124,82,79,34,3,16,7,4,147,116,22,4,99.7,85.03,10.9,10.9,57,0.594,20.12,0.919,7.6,1526,1332,0.01,0.17,San Jose Sharks,5.0,25,8,2013,0
162,27.4,157,48,116,79,85,25,2,17,6,4,167,104,20,1,99.6,88.02,13.6,13.8,56,0.583,15.92,0.933,7.0,1591,1502,0.02,0.27,Ottawa Senators,4.58,25,4,2013,0
163,28.2,185,48,124,75,85,34,3,16,8,5,164,115,30,5,100.2,81.71,9.8,11.5,56,0.583,18.38,0.917,8.4,1447,1322,0.01,0.2,Detroit Red Wings,4.98,24,2,2013,0
164,27.2,153,48,130,73,97,24,5,18,4,4,148,112,28,4,100.8,81.08,9.3,9.5,56,0.583,15.69,0.92,8.5,1483,1319,0.0,0.38,New York Rangers,5.04,26,4,2013,0
165,26.3,155,48,120,88,90,22,3,17,7,4,144,119,25,2,101.2,82.64,12.6,12.8,55,0.573,14.19,0.92,9.0,1283,1436,0.01,0.03,Columbus Blue Jackets,4.98,24,5,2013,0
166,27.8,151,48,122,99,90,27,1,19,3,2,135,127,26,0,98.9,80.74,11.4,11.8,55,0.573,17.88,0.904,8.5,1382,1299,-0.05,-0.16,Minnesota Wild,5.19,26,4,2013,0
167,28.7,156,48,139,108,102,31,2,17,7,3,142,139,28,0,99.1,80.28,9.6,10.3,55,0.573,19.87,0.899,9.1,1485,1352,0.03,0.03,New York Islanders,5.79,24,4,2013,0
168,28.4,169,48,125,80,94,25,2,18,9,6,169,131,34,2,100.2,79.88,10.5,8.7,51,0.531,14.79,0.914,8.2,1482,1314,0.03,-0.1,Phoenix Coyotes,5.33,21,4,2013,0
169,26.4,145,48,128,110,105,20,1,21,3,3,138,144,28,3,99.6,79.71,11.1,10.5,51,0.531,13.79,0.901,9.1,1389,1424,-0.03,-0.36,Winnipeg Jets,5.67,24,2,2013,0
170,27.9,171,48,133,85,93,37,2,22,3,2,184,141,26,3,99.1,85.87,15.7,12.6,49,0.51,21.64,0.902,9.5,1394,1094,0.03,-0.14,Philadelphia Flyers,5.71,23,1,2013,0
171,27.3,163,48,125,94,88,23,7,21,6,4,178,143,37,7,100.5,79.21,13.1,12.0,48,0.5,14.11,0.911,8.8,1339,1546,0.07,-0.31,Buffalo Sabres,5.58,21,7,2013,0
172,30.8,176,48,112,79,71,28,11,19,10,7,169,129,32,6,97.8,81.07,10.6,10.8,48,0.5,15.91,0.894,8.0,1362,1070,0.04,-0.31,New Jersey Devils,5.02,19,2,2013,0
173,28.2,171,48,130,92,97,29,2,22,4,1,179,142,34,3,101.1,81.01,13.0,11.7,48,0.5,16.96,0.904,10.2,1261,1317,0.05,-0.21,Dallas Stars,5.67,22,2,2013,0
174,26.4,169,48,125,98,85,34,4,22,7,3,175,134,29,1,100.6,83.43,10.8,10.9,45,0.469,20.12,0.917,9.6,1285,1521,-0.03,-0.22,Edmonton Oilers,5.4,19,2,2013,0
175,29.0,155,48,128,127,91,31,6,25,4,3,151,160,28,2,97.9,81.46,10.8,9.9,42,0.438,20.0,0.889,9.9,1293,1412,0.02,-0.65,Calgary Flames,6.0,19,0,2013,0
176,26.9,165,48,128,107,100,24,3,25,4,1,161,160,36,4,98.7,77.64,11.2,9.0,42,0.438,14.55,0.899,8.2,1545,1420,0.02,-0.65,Carolina Hurricanes,6.0,19,1,2013,0
177,27.3,140,48,111,89,84,24,1,23,9,6,139,139,34,4,99.7,75.54,9.8,9.4,41,0.4270000000000001,17.14,0.902,8.8,1244,1255,0.09,-0.5,Nashville Predators,5.21,16,2,2013,0
178,27.7,163,48,148,113,116,31,0,26,4,3,155,150,30,4,101.0,80.65,12.0,13.0,40,0.417,19.02,0.899,11.1,1323,1451,-0.07,-0.11,Tampa Bay Lightning,6.21,18,1,2013,0
179,26.7,140,48,116,108,90,21,3,25,7,2,183,152,36,3,98.6,80.33,12.5,9.2,39,0.406,15.0,0.899,8.1,1415,1443,0.02,-0.73,Colorado Avalanche,5.58,16,2,2013,0
180,27.8,142,48,112,122,76,29,4,27,6,1,151,171,39,1,96.6,74.17,11.3,10.0,36,0.375,20.42,0.887,7.8,1400,1419,0.05,-1.18,Florida Panthers,5.9,15,3,2013,0
181,28.5,288,82,249,139,177,57,7,22,9,7,286,198,40,4,101.2,86.01,12.8,12.1,111,0.677,19.79,0.926,9.3,2583,2428,-0.05,0.57,Vancouver Canucks,5.45,51,8,2012,0
182,26.5,280,82,226,142,170,44,8,24,7,5,260,187,36,4,100.9,86.15,12.9,14.5,109,0.665,15.71,0.92,9.5,2338,2281,-0.02,0.46,New York Rangers,5.04,51,4,2012,0
183,26.5,269,82,210,112,154,45,7,22,11,10,282,165,40,3,100.7,85.82,13.0,12.1,109,0.665,16.73,0.929,8.2,2511,2190,-0.01,0.54,St Louis Blues,4.57,49,4,2012,0
184,28.5,289,82,282,175,205,57,11,25,6,3,270,221,33,10,99.8,87.78,10.7,12.3,108,0.659,19.72,0.903,9.8,2779,2247,-0.03,0.71,Pittsburgh Penguins,6.13,51,9,2012,0
185,26.8,250,82,237,153,173,54,5,26,8,5,244,210,40,4,101.0,83.61,8.4,7.9,104,0.634,21.6,0.918,10.3,2261,2322,0.01,0.34,Nashville Predators,5.45,48,5,2012,0
186,27.3,335,82,264,141,188,66,6,26,9,7,319,232,58,9,100.4,81.82,16.1,13.9,103,0.628,19.7,0.905,9.8,2641,2074,0.0,0.39,Philadelphia Flyers,6.05,47,4,2012,0
187,30.0,298,82,248,139,189,48,2,28,6,3,274,203,50,11,101.2,81.75,8.5,10.4,102,0.622,16.11,0.91,9.1,2638,2212,0.0,0.55,Detroit Red Wings,5.5,48,9,2012,0
188,30.1,267,82,228,145,155,46,15,28,6,4,259,209,27,13,99.7,89.58,11.5,8.9,102,0.622,17.23,0.908,9.6,2253,1918,0.0,0.23,New Jersey Devils,5.33,48,12,2012,0
189,28.8,250,82,269,149,209,43,8,29,4,3,260,202,43,1,101.2,83.46,13.5,10.4,102,0.622,17.2,0.919,9.8,2653,2283,-0.07,0.75,Boston Bruins,5.74,49,9,2012,0
190,27.0,277,82,248,152,192,42,7,26,11,7,233,238,51,3,99.2,78.11,10.3,10.1,101,0.616,15.16,0.902,9.3,2583,2035,0.02,0.14,Chicago Blackhawks,5.93,45,7,2012,0
191,28.9,251,82,216,150,170,34,6,27,13,10,249,204,36,6,100.9,85.54,9.2,9.5,97,0.591,13.55,0.925,8.6,2428,2557,0.01,0.16,Phoenix Coyotes,5.12,42,6,2012,0
192,28.1,270,82,228,126,159,57,3,29,10,5,225,210,52,4,99.6,76.89,9.6,10.1,96,0.585,21.11,0.916,7.9,2773,2099,0.0,0.22,San Jose Sharks,5.34,43,9,2012,0
193,26.7,289,82,194,127,130,49,9,27,15,9,293,179,38,2,99.1,87.03,11.3,10.8,95,0.579,16.96,0.923,7.5,2509,2163,0.01,0.19,Los Angeles Kings,4.55,40,6,2012,1
194,29.0,286,82,203,153,140,53,4,26,18,11,239,227,49,6,99.4,79.5,9.7,10.2,94,0.573,18.53,0.914,8.1,2433,2375,-0.03,-0.33,Florida Panthers,5.24,38,6,2012,0
195,27.8,270,82,249,172,185,49,9,31,10,4,310,240,57,7,100.1,81.61,14.0,12.2,92,0.561,18.15,0.91,9.4,2574,2627,-0.02,0.09,Ottawa Senators,5.96,41,6,2012,0
196,27.6,245,82,222,167,174,41,3,32,8,4,266,230,49,10,100.4,81.58,9.4,8.3,92,0.561,16.73,0.909,9.5,2295,2475,-0.03,-0.13,Washington Capitals,5.51,42,4,2012,0
197,29.6,260,82,202,166,150,46,3,29,16,9,268,226,42,6,100.3,84.33,10.8,10.4,90,0.5489999999999999,17.69,0.914,8.8,2258,2483,0.01,-0.28,Calgary Flames,5.22,37,3,2012,0
198,28.4,244,82,211,153,166,33,5,35,5,4,303,222,52,3,99.8,82.84,12.6,9.4,89,0.5429999999999999,13.52,0.91,8.8,2314,2253,0.03,-0.1,Dallas Stars,5.28,42,7,2012,0
199,27.0,258,82,218,162,162,44,5,32,11,7,257,230,47,7,100.6,81.71,11.0,11.7,89,0.5429999999999999,17.05,0.914,8.8,2397,2501,0.0,-0.15,Buffalo Sabres,5.46,39,7,2012,0
200,25.9,223,82,208,150,153,41,5,35,6,2,277,220,47,4,99.2,83.03,11.0,8.8,88,0.537,18.39,0.912,7.7,2583,2270,0.01,-0.13,Colorado Avalanche,5.22,41,9,2012,0
201,29.5,269,82,235,194,189,41,2,36,8,3,284,281,59,12,100.1,79.23,10.5,9.8,84,0.512,15.24,0.887,10.4,2227,2340,-0.01,-0.57,Tampa Bay Lightning,6.29,38,3,2012,0
202,26.2,251,82,225,176,173,45,3,35,10,4,292,246,58,8,99.8,80.14,11.0,9.7,84,0.512,17.93,0.902,8.9,2471,2470,-0.04,-0.3,Winnipeg Jets,5.74,37,4,2012,0
203,26.5,294,82,213,184,150,49,12,33,16,6,252,243,49,4,99.5,80.56,9.3,10.9,82,0.5,16.67,0.911,8.5,2497,2653,-0.02,-0.39,Carolina Hurricanes,5.56,33,1,2012,0
204,27.4,258,82,177,158,122,39,5,36,11,9,285,226,51,4,98.9,82.11,12.1,12.2,81,0.494,15.12,0.915,7.6,2174,2513,0.02,-0.58,Minnesota Wild,4.91,35,11,2012,0
205,28.5,271,82,204,168,152,45,4,36,12,7,283,231,51,5,99.6,81.98,12.0,11.2,80,0.488,16.61,0.905,8.8,2291,2367,0.04,-0.29,Anaheim Ducks,5.3,34,3,2012,0
206,25.9,267,82,231,195,173,49,5,37,10,5,242,264,55,6,99.5,77.27,10.0,10.3,80,0.488,18.35,0.898,9.8,2322,2499,0.02,-0.38,Toronto Maple Leafs,6.04,35,4,2012,0
207,27.8,243,82,203,200,147,45,4,37,11,4,236,255,46,5,98.2,80.51,9.3,9.0,79,0.482,18.52,0.898,8.1,2410,2469,0.05,-0.58,New York Islanders,5.59,34,7,2012,0
208,26.8,301,82,212,156,154,43,10,35,16,12,315,226,36,8,100.4,88.57,11.6,10.6,78,0.476,14.29,0.912,8.8,2340,2178,0.0,-0.17,Montreal Canadiens,5.34,31,5,2012,0
209,27.4,262,82,212,170,148,54,5,40,10,7,296,239,52,8,100.1,82.43,11.5,10.0,74,0.451,20.61,0.909,9.5,2186,2493,0.01,-0.32,Edmonton Oilers,5.5,32,5,2012,0
210,26.7,317,82,202,176,142,49,7,46,7,5,274,262,64,8,99.2,76.64,12.6,13.1,65,0.396,15.46,0.899,8.1,2454,2387,0.08,-0.65,Columbus Blue Jackets,5.66,29,4,2012,0
211,28.1,296,82,262,133,180,72,6,19,9,5,312,185,45,2,101.3,85.58,11.5,11.2,117,0.713,24.32,0.927,9.8,2624,2470,-0.07,0.87,Vancouver Canucks,5.45,54,4,2011,0
212,25.9,263,82,224,143,166,46,7,23,11,6,299,197,43,5,100.2,85.62,11.3,10.6,107,0.652,17.49,0.92,8.5,2566,2375,-0.06,0.27,Washington Capitals,5.13,48,5,2011,0
213,27.6,295,82,259,149,194,49,13,23,12,7,313,223,54,5,101.1,82.75,13.6,12.7,106,0.6459999999999999,16.61,0.912,9.8,2605,2361,-0.04,0.4,Philadelphia Flyers,5.88,47,3,2011,0
214,27.4,311,82,238,145,166,49,13,25,8,3,324,199,45,6,100.1,86.11,16.9,16.5,106,0.6459999999999999,15.76,0.917,8.8,2581,2352,-0.05,0.43,Pittsburgh Penguins,5.33,49,10,2011,0
215,27.9,290,82,248,139,169,68,6,25,9,5,273,213,56,7,100.2,79.49,11.3,11.7,105,0.64,23.45,0.913,8.6,2832,2268,0.02,0.44,San Jose Sharks,5.62,48,5,2011,0
216,30.7,301,82,261,177,185,67,5,25,10,4,300,241,53,7,99.6,82.33,9.2,9.5,104,0.634,22.26,0.906,9.3,2757,2514,0.03,0.27,Detroit Red Wings,6.12,47,4,2011,0
217,29.0,336,82,247,147,171,69,1,25,11,6,302,240,49,16,99.2,83.77,11.0,10.5,103,0.628,20.54,0.904,9.3,2605,2102,-0.05,0.04,Tampa Bay Lightning,5.94,46,6,2011,0
218,28.3,266,82,246,127,190,43,11,25,11,6,265,195,46,5,102.1,82.64,13.6,13.4,103,0.628,16.17,0.931,9.1,2696,2557,-0.07,0.56,Boston Bruins,5.38,46,2,2011,1
219,29.0,289,82,231,150,175,46,5,26,13,6,296,226,64,6,101.1,78.38,10.5,10.1,99,0.604,15.92,0.918,9.1,2486,2673,0.05,0.11,Phoenix Coyotes,5.57,43,5,2011,0
220,26.7,269,82,219,126,167,41,5,27,11,4,272,194,41,2,101.5,84.93,8.8,7.2,99,0.604,15.24,0.923,9.0,2361,2127,0.01,0.31,Nashville Predators,5.04,44,6,2011,0
221,28.9,285,82,239,163,161,67,7,30,5,2,305,235,57,7,100.1,81.31,14.4,12.8,99,0.604,23.51,0.911,10.1,2334,2492,0.05,0.09,Anaheim Ducks,5.78,47,4,2011,0
222,26.3,291,82,219,133,158,47,4,30,6,2,276,198,40,6,100.4,85.51,11.7,9.9,98,0.598,16.15,0.915,8.8,2363,2016,0.03,0.29,Los Angeles Kings,5.09,46,10,2011,0
223,26.7,277,82,258,135,182,64,6,29,9,5,255,225,53,4,100.0,79.22,9.0,8.1,97,0.591,23.1,0.909,9.6,2637,2032,0.01,0.41,Chicago Blackhawks,5.89,44,6,2011,0
224,27.6,290,82,216,136,151,57,5,30,8,3,327,209,51,6,99.7,84.4,13.3,11.4,96,0.585,19.66,0.916,8.2,2602,2279,-0.04,0.05,Montreal Canadiens,5.18,44,3,2011,0
225,27.5,279,82,245,154,184,54,2,29,10,1,300,229,51,13,100.2,83.0,11.7,10.6,96,0.585,19.35,0.908,8.9,2690,2348,-0.04,0.15,Buffalo Sabres,5.78,43,5,2011,0
226,28.0,306,82,227,152,157,55,10,29,11,7,277,233,55,15,101.0,80.14,13.0,13.6,95,0.579,17.97,0.91,9.8,2269,2435,0.05,-0.02,Dallas Stars,5.61,42,5,2011,0
227,30.0,318,82,250,168,172,62,7,29,12,7,282,237,53,9,100.1,81.21,10.2,11.2,94,0.573,19.5,0.902,9.6,2501,2338,-0.02,0.14,Calgary Flames,5.94,41,9,2011,0
228,26.2,290,82,233,148,164,49,11,33,5,3,257,198,42,5,100.6,83.66,13.1,14.6,93,0.5670000000000001,16.9,0.919,9.1,2453,2410,-0.06,0.37,New York Rangers,5.26,44,9,2011,0
229,26.6,346,82,236,171,169,55,7,31,11,5,272,239,51,6,100.4,81.25,10.2,12.3,91,0.555,15.9,0.913,9.2,2517,2612,-0.04,-0.08,Carolina Hurricanes,5.79,40,5,2011,0
230,25.7,279,82,240,176,177,52,7,33,11,6,279,234,51,1,99.5,81.72,14.9,15.5,87,0.53,18.64,0.9,9.5,2475,2274,0.04,0.11,St Louis Blues,5.78,38,4,2011,0
231,28.9,292,82,206,164,143,53,7,35,8,5,309,233,53,7,100.3,82.85,12.0,12.1,86,0.524,18.15,0.914,9.5,2148,2594,0.03,-0.3,Minnesota Wild,5.35,39,3,2011,0
232,25.7,326,82,218,175,156,52,5,34,11,6,275,251,62,8,100.5,77.45,12.0,13.7,85,0.518,15.95,0.904,9.0,2360,2540,0.0,-0.41,Toronto Maple Leafs,5.72,37,5,2011,0
233,29.9,237,82,174,159,134,34,3,39,5,2,241,209,40,8,98.1,83.4,9.3,9.5,81,0.494,14.35,0.903,7.3,2344,2139,0.02,-0.41,New Jersey Devils,4.67,38,3,2011,0
234,26.8,301,82,215,163,162,42,6,35,13,8,314,258,62,11,98.9,80.25,13.6,12.3,81,0.494,13.95,0.9,8.4,2506,2247,0.08,-0.45,Columbus Blue Jackets,5.77,34,5,2011,0
235,26.1,289,82,223,183,159,53,6,36,12,7,285,269,64,10,99.0,77.54,11.3,9.6,80,0.488,18.34,0.902,8.4,2581,2566,-0.01,-0.57,Atlanta Thrashers,6.0,34,5,2011,0
236,28.1,257,82,192,193,139,45,6,40,10,5,295,250,48,4,97.9,83.73,14.0,11.8,74,0.451,17.51,0.904,8.0,2381,2559,0.02,-0.69,Ottawa Senators,5.39,32,2,2011,0
237,26.2,302,82,229,199,158,52,15,39,13,6,310,264,52,7,99.2,83.23,18.5,16.2,73,0.445,17.22,0.902,9.3,2408,2620,0.01,-0.42,New York Islanders,6.01,30,4,2011,0
238,28.3,267,82,195,167,152,35,4,40,12,7,267,229,41,5,99.2,84.64,8.7,8.8,72,0.439,13.11,0.916,7.7,2493,2483,-0.01,-0.43,Florida Panthers,5.17,30,4,2011,0
239,25.9,265,82,227,188,164,49,8,44,8,1,314,288,75,11,99.4,76.11,13.1,10.6,68,0.415,18.49,0.89,9.2,2394,2438,0.05,-0.7,Colorado Avalanche,6.28,30,6,2011,0
240,26.2,304,82,193,169,139,44,8,45,12,9,321,269,74,2,98.9,76.95,15.5,13.5,62,0.378,14.47,0.902,8.7,2188,2359,0.06,-0.87,Edmonton Oilers,5.63,25,2,2011,0
241,27.2,313,82,318,152,230,79,4,15,13,6,316,233,67,8,102.7,78.8,11.6,11.2,121,0.738,25.24,0.91,11.6,2693,2535,-0.14,0.9,Washington Capitals,6.72,54,5,2010,0
242,29.3,309,82,264,135,184,65,8,20,11,6,324,215,49,9,101.3,84.88,14.1,11.5,113,0.6890000000000001,21.04,0.919,9.9,2602,2272,0.05,0.65,San Jose Sharks,5.84,51,7,2010,0
243,26.6,294,82,271,153,197,52,13,22,8,6,266,209,40,4,99.0,84.96,11.3,11.2,112,0.6829999999999999,17.69,0.902,9.4,2798,1982,0.02,0.77,Chicago Blackhawks,5.85,52,9,2010,1
244,28.2,314,82,225,141,162,46,3,25,7,6,317,202,49,6,100.1,84.54,11.3,10.8,107,0.652,14.65,0.919,8.4,2502,2427,0.06,0.34,Phoenix Coyotes,5.21,50,14,2010,0
245,30.5,272,82,222,131,158,51,7,27,7,5,240,191,41,5,100.2,82.92,10.5,10.3,103,0.628,18.75,0.914,8.8,2459,1997,-0.07,0.31,New Jersey Devils,5.04,48,6,2010,0
246,28.1,323,82,272,149,191,68,8,28,5,4,320,222,59,6,101.5,81.56,15.5,14.1,103,0.628,21.05,0.909,10.6,2534,2306,-0.01,0.6,Vancouver Canucks,6.02,49,4,2010,0
247,30.3,307,82,229,162,156,59,8,24,14,9,267,216,43,1,98.9,83.9,8.8,9.6,102,0.622,19.22,0.914,8.1,2737,2386,0.07,0.23,Detroit Red Wings,5.43,44,6,2010,0
248,26.2,307,82,241,131,163,64,4,27,9,8,304,219,60,6,99.9,80.26,11.9,11.5,101,0.616,20.85,0.907,9.7,2389,2000,0.05,0.32,Los Angeles Kings,5.61,46,10,2010,0
249,27.8,326,82,257,175,186,56,7,28,7,2,327,237,52,8,99.6,84.1,14.6,14.7,101,0.616,17.18,0.9,9.3,2688,2350,-0.07,0.17,Pittsburgh Penguins,6.02,47,8,2010,0
250,27.6,286,82,225,153,165,47,5,29,6,4,258,225,59,5,100.0,77.13,8.7,9.6,100,0.61,16.43,0.909,8.7,2508,2364,0.06,0.06,Nashville Predators,5.49,47,8,2010,0
251,27.8,313,82,235,149,172,55,4,27,10,6,284,207,38,3,100.2,86.62,11.2,10.1,100,0.61,17.57,0.923,8.9,2588,2351,-0.08,0.26,Buffalo Sabres,5.39,45,4,2010,0
252,26.4,310,82,244,154,173,56,8,30,9,5,303,233,60,9,101.3,80.2,12.5,13.3,95,0.579,18.06,0.913,10.4,2287,2553,0.02,0.16,Colorado Avalanche,5.82,43,7,2010,0
253,27.9,290,82,225,174,165,49,5,32,6,5,318,238,50,4,98.0,84.28,13.9,13.1,94,0.573,16.9,0.901,9.0,2436,2302,-0.06,-0.22,Ottawa Senators,5.65,44,5,2010,0
254,28.1,265,82,206,150,146,44,6,30,13,9,272,200,37,3,99.4,86.4,11.6,11.6,91,0.555,16.6,0.922,7.5,2599,2444,-0.06,0.01,Boston Bruins,4.95,39,10,2010,0
255,28.8,268,82,204,141,150,43,7,32,10,7,305,210,54,1,99.8,82.3,13.9,12.4,90,0.5489999999999999,16.04,0.916,8.6,2350,2251,0.04,-0.03,Calgary Flames,5.05,40,3,2010,0
256,27.9,308,82,225,167,159,53,6,32,10,5,342,223,45,6,100.0,86.84,16.1,15.6,90,0.5489999999999999,17.21,0.911,8.9,2445,2439,0.06,0.08,St Louis Blues,5.46,40,7,2010,0
257,27.9,300,82,238,166,162,63,8,32,11,8,323,251,67,9,100.8,79.26,16.1,15.8,89,0.5429999999999999,21.0,0.911,9.4,2472,2736,0.09,-0.07,Anaheim Ducks,5.96,39,5,2010,0
258,28.3,328,82,237,167,160,61,8,31,14,10,288,254,65,8,100.0,77.43,11.7,12.5,88,0.537,18.6,0.904,9.1,2523,2490,0.09,-0.12,Dallas Stars,5.99,37,7,2010,0
259,27.7,318,82,236,157,158,68,5,35,6,3,334,225,57,7,99.5,82.93,16.6,15.2,88,0.537,21.38,0.905,9.0,2589,2320,-0.06,0.08,Philadelphia Flyers,5.62,41,4,2010,0
260,27.5,261,82,217,141,149,57,3,33,10,5,311,223,53,8,100.4,82.96,11.4,10.1,88,0.537,21.84,0.921,9.0,2345,2447,-0.07,-0.14,Montreal Canadiens,5.37,39,7,2010,0
261,26.8,301,82,222,158,159,55,5,33,11,4,318,218,50,6,100.3,84.28,14.1,13.2,87,0.53,18.27,0.913,9.0,2425,2450,-0.05,0.0,New York Rangers,5.37,38,3,2010,0
262,28.6,309,82,219,173,151,59,3,36,8,7,306,246,53,13,99.9,82.68,11.3,11.2,84,0.512,19.09,0.901,9.4,2266,2415,0.07,-0.26,Minnesota Wild,5.67,38,5,2010,0
263,27.5,316,82,234,189,170,51,9,34,13,6,320,256,57,4,100.5,82.19,12.8,13.0,83,0.506,16.14,0.908,9.5,2409,2716,-0.06,-0.33,Atlanta Thrashers,5.98,35,4,2010,0
264,28.9,329,82,230,171,163,56,7,37,10,5,320,256,62,8,99.6,80.63,11.8,11.3,80,0.488,17.02,0.904,9.4,2402,2480,-0.05,-0.37,Carolina Hurricanes,5.93,35,4,2010,0
265,27.0,326,82,217,159,148,63,2,36,12,7,336,260,67,6,99.4,80.06,16.8,14.3,80,0.488,19.33,0.901,9.0,2367,2256,-0.03,-0.56,Tampa Bay Lightning,5.82,34,4,2010,0
266,28.3,306,82,222,182,158,49,7,37,11,6,300,264,71,3,99.2,76.33,11.6,12.0,79,0.482,16.01,0.902,8.6,2493,2592,-0.02,-0.53,New York Islanders,5.93,34,8,2010,0
267,26.1,308,82,216,152,152,56,6,35,15,10,334,259,61,8,99.0,81.74,13.2,11.5,79,0.482,18.18,0.905,9.2,2338,2282,0.11,-0.42,Columbus Blue Jackets,5.79,32,2,2010,0
268,28.1,309,82,208,167,151,44,7,37,13,10,286,244,59,8,100.8,79.37,11.9,12.8,77,0.47,14.24,0.916,8.7,2331,2800,-0.03,-0.47,Florida Panthers,5.51,32,6,2010,0
269,27.0,315,82,214,183,162,44,4,38,14,4,288,267,73,6,98.9,74.65,13.3,13.5,74,0.451,13.97,0.892,7.9,2671,2440,-0.03,-0.68,Toronto Maple Leafs,5.87,30,4,2010,0
270,27.1,301,82,214,185,148,52,6,47,8,6,305,284,67,5,99.3,78.03,13.8,12.3,62,0.378,17.28,0.899,8.9,2321,2460,0.09,-0.76,Edmonton Oilers,6.07,27,8,2010,0
271,28.7,360,82,257,137,152,87,12,18,11,5,304,204,51,11,99.3,83.22,12.8,14.1,117,0.713,24.17,0.911,9.2,2720,2228,-0.04,0.61,San Jose Sharks,5.62,53,6,2009,0
272,28.4,313,82,274,129,188,74,8,19,10,6,306,196,54,7,102.5,82.35,12.5,12.8,116,0.7070000000000001,23.64,0.925,10.9,2482,2524,-0.06,0.89,Boston Bruins,5.73,53,4,2009,0
273,31.2,353,82,295,165,193,90,6,21,10,4,327,244,71,4,99.6,78.29,10.0,10.9,112,0.6829999999999999,25.5,0.894,9.7,2965,2274,0.0,0.62,Detroit Red Wings,6.57,51,6,2009,0
274,27.2,337,82,272,154,176,85,7,24,8,5,387,245,75,11,99.5,80.62,12.7,11.4,108,0.659,25.22,0.901,9.8,2747,2418,-0.06,0.27,Washington Capitals,6.3,50,4,2009,0
275,30.3,307,82,244,138,168,58,12,27,4,2,324,209,65,4,100.8,79.94,12.9,13.1,106,0.6459999999999999,18.89,0.914,8.8,2698,2415,-0.05,0.38,New Jersey Devils,5.52,51,6,2009,0
276,25.9,363,82,264,139,180,70,10,24,12,7,330,216,64,6,99.8,80.61,14.1,15.2,104,0.634,19.28,0.911,9.7,2683,2344,0.01,0.6,Chicago Blackhawks,5.85,46,4,2009,0
277,27.9,357,82,246,139,169,67,7,27,10,7,371,220,69,5,101.8,81.4,16.5,16.3,100,0.61,18.77,0.911,10.4,2335,2392,-0.02,0.3,Vancouver Canucks,5.68,45,3,2009,0
278,26.6,360,82,264,160,189,62,7,28,9,6,347,239,60,13,101.6,82.71,13.6,14.2,99,0.604,17.22,0.906,10.8,2381,2484,-0.02,0.28,Pittsburgh Penguins,6.13,45,6,2009,1
279,27.0,316,82,264,164,173,71,16,27,11,6,393,238,67,1,100.3,82.95,17.5,14.8,99,0.604,22.47,0.913,10.7,2441,2668,-0.04,0.28,Philadelphia Flyers,6.12,44,4,2009,0
280,28.9,358,82,254,173,184,61,6,30,6,2,349,248,58,15,99.4,83.38,15.8,15.6,98,0.598,17.04,0.899,9.5,2643,2441,0.0,0.07,Calgary Flames,6.12,46,3,2009,0
281,27.9,374,82,239,153,158,70,8,30,7,5,301,226,59,9,99.3,80.4,9.8,12.5,97,0.591,18.72,0.909,8.8,2675,2419,-0.05,0.11,Carolina Hurricanes,5.67,45,3,2009,0
282,27.0,346,82,210,158,143,48,9,30,9,6,329,218,40,14,98.6,87.84,14.6,14.9,95,0.579,13.87,0.913,7.5,2658,2433,-0.01,-0.1,New York Rangers,5.22,43,10,2009,0
283,27.6,374,82,249,164,160,72,10,30,11,7,370,247,65,11,100.4,82.43,15.0,15.8,93,0.5670000000000001,19.25,0.908,9.8,2461,2600,-0.01,0.02,Montreal Canadiens,6.05,41,7,2009,0
284,28.6,308,82,234,160,173,51,7,30,11,8,311,231,54,9,101.5,82.64,11.0,11.3,93,0.5670000000000001,16.56,0.922,9.6,2411,2843,-0.04,0.0,Florida Panthers,5.67,41,3,2009,0
285,25.8,322,82,226,149,171,41,8,31,10,7,346,230,62,12,100.3,82.08,15.0,14.1,92,0.561,12.73,0.902,9.3,2370,2281,0.04,-0.01,Columbus Blue Jackets,5.56,41,6,2009,0
286,27.1,351,82,233,161,145,72,10,31,10,6,357,233,58,8,99.7,83.75,15.2,15.4,92,0.561,20.51,0.903,10.0,2271,2341,0.05,0.05,St Louis Blues,5.68,41,6,2009,0
287,28.1,358,82,250,163,160,75,7,32,9,5,336,234,61,5,100.4,81.85,13.7,14.6,91,0.555,20.95,0.911,9.7,2505,2575,-0.02,0.18,Buffalo Sabres,5.9,41,8,2009,0
288,29.2,309,82,245,149,159,73,6,33,7,3,385,238,78,8,100.7,79.74,17.4,15.4,91,0.555,23.62,0.906,9.6,2481,2499,0.0,0.09,Anaheim Ducks,5.89,42,7,2009,0
289,27.7,328,82,219,155,139,66,9,33,9,3,291,200,36,6,100.1,87.63,10.8,11.7,89,0.5429999999999999,20.12,0.922,9.5,2257,2518,-0.02,0.22,Minnesota Wild,5.11,40,5,2009,0
290,27.6,318,82,213,161,148,50,9,34,8,5,338,233,59,8,100.0,82.54,12.1,11.8,88,0.537,15.72,0.905,8.7,2375,2411,0.06,-0.19,Nashville Predators,5.44,40,6,2009,0
291,28.8,354,82,234,160,165,60,3,35,9,4,338,248,76,8,101.1,77.51,15.2,15.4,85,0.518,16.95,0.909,9.9,2303,2668,0.01,-0.16,Edmonton Oilers,5.88,38,6,2009,0
292,28.5,351,82,230,177,168,54,2,35,11,6,327,257,70,4,99.6,78.59,14.0,15.0,83,0.506,15.38,0.8909999999999999,9.5,2369,2303,0.03,-0.3,Dallas Stars,5.94,36,6,2009,0
293,27.9,339,82,217,162,139,66,8,35,11,6,346,237,64,5,99.1,81.5,13.4,13.1,83,0.506,19.47,0.901,8.9,2405,2336,0.01,-0.23,Ottawa Senators,5.54,36,4,2009,0
294,28.0,330,82,250,201,176,62,6,35,13,7,308,293,78,7,98.9,74.68,13.7,14.4,81,0.494,18.79,0.885,9.4,2603,2480,0.03,-0.49,Toronto Maple Leafs,6.62,34,6,2009,0
295,26.6,341,82,208,177,150,50,5,39,7,3,293,252,68,4,99.7,76.79,13.3,15.0,79,0.482,14.66,0.904,8.9,2302,2591,0.04,-0.5,Phoenix Coyotes,5.61,36,3,2009,0
296,25.5,360,82,207,156,129,69,4,37,11,8,361,234,62,8,98.8,82.83,14.7,13.7,79,0.482,19.17,0.902,8.5,2383,2301,0.04,-0.29,Los Angeles Kings,5.38,34,5,2009,0
297,27.9,357,82,257,181,168,69,13,41,6,1,366,280,88,10,100.7,75.96,15.3,14.6,76,0.463,19.33,0.8959999999999999,10.8,2306,2683,-0.02,-0.3,Atlanta Thrashers,6.55,35,7,2009,0
298,28.6,318,82,199,181,136,50,4,45,5,4,318,257,64,8,98.0,79.87,13.0,12.6,69,0.421,15.72,0.894,8.1,2359,2376,0.05,-0.66,Colorado Avalanche,5.56,32,9,2009,0
299,27.4,343,82,210,171,142,61,4,40,18,10,405,279,89,9,99.8,78.02,15.9,13.4,66,0.402,17.78,0.9,8.9,2337,2701,0.03,-0.81,Tampa Bay Lightning,5.96,24,3,2009,0
300,27.7,320,82,201,196,132,54,12,47,9,5,361,279,73,5,98.4,79.78,14.8,13.1,61,0.3720000000000001,16.88,0.9,8.3,2372,2751,0.05,-0.91,New York Islanders,5.85,26,3,2009,0
301,32.1,391,82,257,115,166,81,5,21,7,5,357,184,57,7,100.0,84.03,11.4,12.7,115,0.701,20.72,0.907,8.9,2820,1930,0.04,0.93,Detroit Red Wings,5.38,54,5,2008,1
302,27.7,374,82,222,134,139,70,7,23,10,6,310,193,44,9,99.1,85.81,13.1,15.7,108,0.659,18.72,0.906,8.9,2428,1981,0.12,0.47,San Jose Sharks,5.06,49,6,2008,0
303,27.6,374,82,262,151,159,90,8,25,10,6,342,222,60,3,101.3,82.46,13.3,14.1,104,0.634,24.06,0.917,10.8,2382,2589,-0.14,0.35,Montreal Canadiens,5.9,47,5,2008,0
304,26.9,378,82,247,134,157,77,6,27,8,4,357,216,68,10,101.9,80.95,14.4,15.1,102,0.622,20.37,0.916,10.6,2268,2523,-0.14,0.24,Pittsburgh Penguins,5.65,47,7,2008,0
305,29.7,361,82,205,108,129,60,8,27,8,7,408,191,69,7,100.8,83.09,18.1,16.9,102,0.622,16.62,0.92,8.8,2241,2299,0.13,0.3,Anaheim Ducks,4.83,47,8,2008,0
306,29.2,320,82,206,133,142,50,6,29,7,4,314,197,54,7,99.7,82.8,11.9,12.0,99,0.604,15.63,0.914,8.4,2362,2257,-0.11,0.0,New Jersey Devils,4.91,46,8,2008,0
307,27.7,338,82,223,151,153,64,3,28,10,8,330,218,49,10,100.7,85.15,13.4,14.1,98,0.598,18.93,0.915,9.9,2218,2469,0.1,0.16,Minnesota Wild,5.38,44,3,2008,0
308,27.4,370,82,213,130,140,61,4,27,13,9,343,199,53,6,99.8,84.55,14.1,14.3,97,0.591,16.49,0.911,7.9,2579,2124,-0.12,0.05,New York Rangers,5.02,42,8,2008,0
309,29.0,354,82,242,145,160,64,13,30,7,3,354,207,51,8,100.3,85.59,14.3,14.6,97,0.591,18.08,0.905,10.8,2187,2137,0.11,0.54,Dallas Stars,5.48,45,5,2008,0
310,28.1,385,82,248,156,148,84,13,29,11,6,388,233,65,6,100.4,83.25,17.9,17.3,95,0.579,21.82,0.913,10.4,2358,2609,-0.12,0.06,Philadelphia Flyers,5.87,42,3,2008,0
311,28.5,335,82,231,155,173,49,2,31,7,3,301,219,56,5,100.7,81.4,12.1,12.9,95,0.579,14.63,0.903,9.5,2349,2237,0.09,0.24,Colorado Avalanche,5.49,44,7,2008,0
312,28.5,328,82,261,164,180,60,18,31,8,5,380,247,72,6,100.5,81.05,14.3,13.3,94,0.573,18.29,0.901,10.4,2471,2456,-0.11,0.06,Ottawa Senators,6.2,43,3,2008,0
313,28.1,319,82,212,138,141,56,9,29,12,7,332,222,71,6,100.4,78.61,13.0,12.9,94,0.573,17.55,0.914,8.8,2339,2495,-0.08,-0.2,Boston Bruins,5.29,41,6,2008,0
314,29.5,352,82,229,144,158,59,9,30,10,3,389,227,72,8,100.6,81.49,16.4,15.3,94,0.573,16.76,0.904,9.8,2316,2335,0.1,0.13,Calgary Flames,5.56,42,3,2008,0
315,27.3,346,82,242,151,168,65,5,31,8,4,349,231,68,8,99.3,80.52,11.9,11.9,94,0.573,18.79,0.9,9.4,2538,2259,-0.19,-0.06,Washington Capitals,5.77,43,4,2008,0
316,29.3,420,82,252,158,167,79,4,33,6,3,355,249,75,13,99.7,78.87,14.4,16.6,92,0.561,18.81,0.8959999999999999,9.4,2669,2368,-0.18,-0.15,Carolina Hurricanes,6.11,43,2,2008,0
317,28.1,358,82,230,165,167,53,7,32,9,5,335,229,49,10,100.2,85.37,12.5,13.4,91,0.555,14.8,0.908,9.4,2425,2440,0.12,0.13,Nashville Predators,5.6,41,3,2008,0
318,26.8,366,82,255,168,176,66,9,31,12,9,333,242,56,8,100.3,83.18,12.2,13.5,90,0.5489999999999999,18.03,0.9,10.1,2478,2326,-0.11,0.05,Buffalo Sabres,6.06,39,4,2008,0
319,28.1,369,82,213,135,136,63,8,33,10,9,368,215,64,7,100.4,82.61,18.0,18.6,88,0.537,17.07,0.913,9.2,2252,2367,0.11,0.08,Vancouver Canucks,5.22,39,6,2008,0
320,26.8,365,82,239,156,159,58,17,34,8,4,385,235,69,6,100.6,82.08,16.9,16.1,88,0.537,15.89,0.902,10.2,2298,2346,0.12,0.16,Chicago Blackhawks,5.78,40,5,2008,0
321,27.1,344,82,235,181,156,57,7,35,6,4,366,251,56,10,99.9,84.7,14.3,13.8,88,0.537,16.57,0.904,10.2,2156,2573,0.12,-0.07,Edmonton Oilers,5.93,41,15,2008,0
322,28.1,313,82,216,151,147,60,4,35,9,6,374,226,66,3,100.3,82.35,12.5,11.8,85,0.518,19.17,0.92,8.3,2549,2752,-0.17,-0.29,Florida Panthers,5.39,38,5,2008,0
323,26.5,339,82,214,149,135,63,11,37,7,6,332,231,64,12,99.5,80.72,14.5,13.6,83,0.506,18.58,0.911,8.4,2500,2518,0.17,-0.04,Phoenix Coyotes,5.43,38,5,2008,0
324,28.4,343,82,231,169,163,61,4,35,11,4,352,260,77,10,98.9,78.13,13.3,12.4,83,0.506,17.78,0.893,9.0,2542,2402,-0.06,-0.42,Toronto Maple Leafs,5.99,36,3,2008,0
325,27.2,356,82,193,142,129,53,8,36,12,8,378,218,63,5,98.7,83.33,16.2,15.2,80,0.488,14.89,0.907,8.0,2381,2249,0.15,-0.16,Columbus Blue Jackets,5.01,34,3,2008,0
326,28.4,334,82,205,163,152,47,3,36,13,5,359,237,56,13,99.9,84.4,14.1,13.6,79,0.482,14.07,0.897,9.4,2141,2249,0.16,-0.24,St Louis Blues,5.39,33,3,2008,0
327,28.3,330,82,194,157,131,48,10,38,9,3,375,243,68,15,99.1,81.87,12.7,11.7,79,0.482,14.55,0.904,7.8,2431,2488,-0.05,-0.65,New York Islanders,5.33,35,5,2008,0
328,29.3,316,82,216,181,142,52,13,40,8,6,354,272,75,10,100.0,78.81,13.1,11.4,76,0.463,16.46,0.904,9.8,2115,2782,-0.12,-0.8,Atlanta Thrashers,5.95,34,9,2008,0
329,27.7,367,82,231,191,151,64,11,43,7,3,309,266,68,4,99.5,77.99,11.6,12.7,71,0.433,17.44,0.9,9.6,2349,2625,0.19,-0.24,Los Angeles Kings,6.06,32,5,2008,0
330,27.9,296,82,223,203,157,57,7,42,9,1,312,267,56,7,98.0,82.05,12.7,11.0,71,0.433,19.26,0.885,9.4,2354,2311,-0.13,-0.67,Tampa Bay Lightning,5.98,31,2,2008,0
