,average_age,chances_pp,games,goals,goals_against_ev,goals_ev,goals_pp,goals_sh,losses,losses_ot,losses_shootout,opp_chances_pp,opp_goals,opp_goals_pp,opp_goals_sh,pdo,pen_kill_pct,pen_min_per_game,pen_min_per_game_opp,points,points_pct,power_play_pct,save_pct,shot_pct,shots,shots_against,sos,srs,team_name,total_goals_per_game,wins,wins_shootout,year,cup_champs,rank
0,28.4,274.0,82.0,267.0,145.0,193.0,58.0,10.0,18.0,11.0,7.0,299.0,211.0,54.0,5.0,101.6,81.94,11.3,9.6,117.0,0.713,21.17,0.923,9.9,2641.0,2659.0,0.03,0.71,Nashville Predators,5.83,53.0,6.0,2018,0.0,5
1,26.8,274.0,82.0,277.0,159.0,200.0,64.0,9.0,20.0,10.0,2.0,274.0,218.0,50.0,7.0,101.0,81.75,8.5,8.6,114.0,0.695,23.36,0.917,10.3,2643.0,2613.0,0.02,0.74,Winnipeg Jets,6.04,52.0,4.0,2018,0.0,3
2,27.5,276.0,82.0,296.0,172.0,216.0,66.0,9.0,23.0,5.0,2.0,267.0,236.0,64.0,3.0,102.0,76.03,10.1,10.4,113.0,0.6890000000000001,23.91,0.912,10.7,2737.0,2756.0,-0.07,0.66,Tampa Bay Lightning,6.49,54.0,6.0,2018,0.0,4
3,28.6,258.0,82.0,270.0,161.0,197.0,61.0,9.0,20.0,12.0,3.0,245.0,214.0,40.0,10.0,100.2,83.67,9.5,9.6,112.0,0.6829999999999999,23.64,0.912,9.9,2703.0,2399.0,-0.07,0.62,Boston Bruins,5.9,50.0,3.0,2018,0.0,7
4,28.0,248.0,82.0,272.0,182.0,218.0,53.0,8.0,24.0,7.0,3.0,237.0,228.0,44.0,5.0,100.5,81.43,7.1,7.8,109.0,0.665,21.37,0.911,10.1,2774.0,2619.0,-0.01,0.52,Vegas Golden Knights,6.1,51.0,4.0,2018,0.0,2
5,28.4,244.0,82.0,259.0,178.0,197.0,55.0,4.0,26.0,7.0,1.0,269.0,239.0,53.0,8.0,101.4,80.3,9.9,9.3,105.0,0.64,22.54,0.909,10.7,2400.0,2637.0,-0.04,0.21,Washington Capitals,6.07,49.0,3.0,2018,1.0,1
6,28.3,224.0,82.0,277.0,189.0,213.0,56.0,4.0,26.0,7.0,2.0,231.0,232.0,43.0,5.0,101.6,81.39,7.4,7.1,105.0,0.64,25.0,0.915,10.1,2700.0,2844.0,-0.06,0.49,Toronto Maple Leafs,6.21,49.0,7.0,2018,0.0,10
7,28.7,214.0,82.0,235.0,159.0,183.0,38.0,10.0,25.0,13.0,7.0,274.0,216.0,46.0,4.0,101.2,83.21,10.0,8.6,101.0,0.616,17.76,0.923,9.3,2475.0,2716.0,0.01,0.24,Anaheim Ducks,5.5,44.0,4.0,2018,0.0,13
8,29.5,240.0,82.0,253.0,176.0,194.0,49.0,7.0,26.0,11.0,3.0,272.0,232.0,51.0,6.0,100.7,81.25,8.4,7.7,101.0,0.616,20.42,0.91,10.0,2506.0,2595.0,0.04,0.29,Minnesota Wild,5.91,45.0,3.0,2018,0.0,14
9,27.7,260.0,82.0,272.0,195.0,198.0,68.0,6.0,29.0,6.0,2.0,265.0,250.0,53.0,3.0,98.5,80.0,9.6,9.2,100.0,0.61,26.15,0.902,9.6,2845.0,2575.0,-0.04,0.23,Pittsburgh Penguins,6.37,47.0,2.0,2018,0.0,8
10,28.8,257.0,82.0,252.0,191.0,188.0,53.0,8.0,27.0,10.0,3.0,224.0,229.0,34.0,3.0,99.3,84.82,7.8,8.1,100.0,0.61,20.62,0.909,9.1,2744.0,2521.0,0.0,0.28,San Jose Sharks,5.87,45.0,5.0,2018,0.0,6
11,27.4,261.0,82.0,251.0,176.0,196.0,54.0,3.0,26.0,14.0,7.0,223.0,243.0,54.0,10.0,100.3,75.78,8.7,9.3,98.0,0.598,20.69,0.903,9.5,2683.0,2506.0,-0.03,0.07,Philadelphia Flyers,6.02,42.0,2.0,2018,0.0,9
12,29.1,240.0,82.0,239.0,159.0,183.0,49.0,5.0,29.0,8.0,1.0,260.0,203.0,39.0,4.0,101.0,85.0,9.0,8.3,98.0,0.598,20.42,0.92,9.3,2544.0,2537.0,0.0,0.44,Los Angeles Kings,5.39,45.0,2.0,2018,0.0,15
13,26.4,227.0,82.0,242.0,170.0,195.0,39.0,4.0,30.0,7.0,4.0,214.0,230.0,51.0,7.0,100.2,76.17,7.0,7.4,97.0,0.591,17.18,0.912,8.5,2796.0,2612.0,-0.04,0.11,Columbus Blue Jackets,5.76,45.0,6.0,2018,0.0,11
14,27.7,252.0,82.0,248.0,190.0,178.0,54.0,12.0,29.0,9.0,4.0,258.0,244.0,47.0,6.0,99.7,81.78,8.6,8.4,97.0,0.591,21.43,0.908,9.3,2626.0,2654.0,-0.03,0.02,New Jersey Devils,6.0,44.0,5.0,2018,0.0,12
15,27.8,249.0,82.0,248.0,193.0,188.0,47.0,10.0,30.0,8.0,3.0,227.0,246.0,45.0,5.0,100.0,80.18,11.0,11.7,96.0,0.585,18.88,0.914,8.7,2822.0,2838.0,-0.04,-0.01,Florida Panthers,6.02,44.0,3.0,2018,0.0,27
16,26.4,296.0,82.0,257.0,183.0,188.0,65.0,7.0,30.0,9.0,1.0,269.0,237.0,45.0,13.0,101.3,83.27,9.2,10.0,95.0,0.579,21.96,0.914,10.5,2489.0,2809.0,0.04,0.28,Colorado Avalanche,6.02,43.0,2.0,2018,0.0,16
17,28.5,246.0,82.0,226.0,166.0,180.0,38.0,5.0,32.0,6.0,0.0,231.0,222.0,47.0,9.0,100.0,79.65,7.7,8.2,94.0,0.573,15.45,0.909,8.3,2677.0,2438.0,0.05,0.1,St Louis Blues,5.46,44.0,3.0,2018,0.0,18
18,28.5,244.0,82.0,235.0,158.0,177.0,47.0,7.0,32.0,8.0,3.0,281.0,225.0,54.0,10.0,100.3,80.78,10.1,9.6,92.0,0.561,19.26,0.909,9.0,2560.0,2447.0,0.04,0.17,Dallas Stars,5.61,42.0,4.0,2018,0.0,24
19,28.4,269.0,82.0,218.0,187.0,166.0,43.0,7.0,35.0,10.0,5.0,269.0,248.0,49.0,7.0,98.9,81.78,11.1,11.2,84.0,0.512,15.99,0.905,7.8,2759.0,2554.0,0.03,-0.33,Calgary Flames,5.68,37.0,2.0,2018,0.0,22
20,27.0,239.0,82.0,228.0,204.0,178.0,44.0,3.0,35.0,11.0,3.0,191.0,256.0,43.0,6.0,98.2,77.49,6.2,7.1,83.0,0.506,18.41,0.893,8.1,2780.0,2367.0,-0.01,-0.35,Carolina Hurricanes,5.9,36.0,3.0,2018,0.0,31
21,28.4,250.0,82.0,264.0,219.0,198.0,58.0,5.0,37.0,10.0,3.0,235.0,296.0,63.0,11.0,100.4,73.19,7.8,8.1,80.0,0.488,23.2,0.9,10.1,2572.0,2918.0,-0.01,-0.4,New York Islanders,6.83,35.0,3.0,2018,0.0,25
22,26.8,210.0,82.0,234.0,200.0,187.0,31.0,11.0,40.0,6.0,1.0,245.0,263.0,57.0,5.0,99.4,76.73,9.2,7.6,78.0,0.476,14.76,0.901,8.4,2740.0,2634.0,0.03,-0.32,Edmonton Oilers,6.06,36.0,5.0,2018,0.0,19
23,28.7,241.0,82.0,231.0,212.0,172.0,51.0,5.0,39.0,9.0,5.0,247.0,268.0,46.0,5.0,99.8,81.38,8.0,8.0,77.0,0.47,21.16,0.909,9.0,2538.0,2898.0,-0.01,-0.46,New York Rangers,6.09,34.0,3.0,2018,0.0,20
24,28.0,269.0,82.0,229.0,198.0,180.0,43.0,5.0,39.0,10.0,2.0,236.0,256.0,49.0,7.0,99.1,79.24,7.5,8.9,76.0,0.463,15.99,0.906,8.2,2793.0,2697.0,0.07,-0.26,Chicago Blackhawks,5.91,33.0,1.0,2018,0.0,23
25,28.2,247.0,82.0,218.0,189.0,158.0,53.0,7.0,40.0,11.0,5.0,276.0,264.0,60.0,10.0,99.4,78.26,8.7,8.0,73.0,0.445,21.46,0.902,8.8,2464.0,2641.0,0.05,-0.51,Vancouver Canucks,5.88,31.0,0.0,2018,0.0,28
26,30.2,234.0,82.0,217.0,191.0,162.0,41.0,9.0,39.0,13.0,1.0,259.0,255.0,58.0,5.0,99.5,77.61,8.9,8.3,73.0,0.445,17.52,0.903,8.5,2490.0,2613.0,-0.01,-0.48,Detroit Red Wings,5.76,30.0,5.0,2018,0.0,26
27,27.8,244.0,82.0,209.0,184.0,148.0,52.0,7.0,40.0,13.0,6.0,263.0,264.0,68.0,6.0,98.7,74.14,8.6,8.8,71.0,0.433,21.31,0.903,7.7,2687.0,2650.0,0.0,-0.68,Montreal Canadiens,5.77,29.0,2.0,2018,0.0,21
28,26.5,243.0,82.0,208.0,195.0,163.0,41.0,2.0,41.0,12.0,5.0,224.0,256.0,46.0,10.0,99.5,79.46,7.8,8.3,70.0,0.4270000000000001,16.87,0.905,8.4,2450.0,2642.0,0.05,-0.53,Arizona Coyotes,5.66,29.0,2.0,2018,0.0,29
29,29.3,248.0,82.0,221.0,222.0,174.0,41.0,4.0,43.0,11.0,7.0,235.0,291.0,56.0,6.0,98.8,76.17,8.1,8.4,67.0,0.409,16.53,0.895,8.7,2515.0,2712.0,0.0,-0.85,Ottawa Senators,6.24,28.0,2.0,2018,0.0,17
30,27.1,257.0,82.0,199.0,216.0,140.0,49.0,9.0,45.0,12.0,2.0,235.0,280.0,52.0,10.0,98.0,77.87,8.2,8.8,62.0,0.378,19.07,0.8959999999999999,7.7,2557.0,2681.0,0.01,-0.98,Buffalo Sabres,5.84,25.0,1.0,2018,0.0,30
31,28.4,248.0,82.0,263.0,130.0,199.0,57.0,5.0,19.0,8.0,5.0,272.0,182.0,44.0,3.0,102.5,83.82,9.1,8.7,118.0,0.72,22.98,0.922,10.5,2495.0,2282.0,0.0,0.99,Washington Capitals,5.43,55.0,2.0,2017,0.0,5
32,28.7,260.0,82.0,282.0,151.0,213.0,60.0,5.0,21.0,11.0,5.0,257.0,234.0,52.0,7.0,101.0,79.77,8.6,7.9,111.0,0.677,23.08,0.915,10.1,2745.0,2393.0,0.01,0.59,Pittsburgh Penguins,6.29,50.0,4.0,2017,1.0,1
33,29.4,233.0,82.0,244.0,155.0,197.0,42.0,1.0,23.0,9.0,1.0,211.0,213.0,47.0,7.0,101.3,77.73,7.1,7.7,109.0,0.665,18.03,0.918,9.6,2508.0,2548.0,-0.06,0.32,Chicago Blackhawks,5.57,50.0,4.0,2017,0.0,9
34,26.2,211.0,82.0,249.0,152.0,195.0,42.0,10.0,24.0,8.0,2.0,223.0,195.0,39.0,2.0,101.2,82.51,8.7,8.6,108.0,0.659,19.91,0.922,9.7,2540.0,2489.0,0.02,0.68,Columbus Blue Jackets,5.41,50.0,2.0,2017,0.0,10
35,28.3,224.0,82.0,266.0,154.0,211.0,47.0,5.0,25.0,8.0,2.0,217.0,208.0,37.0,3.0,101.5,82.95,8.2,7.7,106.0,0.6459999999999999,20.98,0.914,10.4,2527.0,2203.0,-0.08,0.63,Minnesota Wild,5.78,49.0,3.0,2017,0.0,11
36,27.6,251.0,82.0,223.0,143.0,164.0,47.0,9.0,23.0,13.0,3.0,281.0,200.0,43.0,7.0,100.7,84.7,11.4,9.7,105.0,0.64,18.73,0.917,9.1,2425.0,2286.0,-0.04,0.24,Anaheim Ducks,5.16,46.0,3.0,2017,0.0,3
37,28.8,230.0,82.0,226.0,145.0,173.0,45.0,5.0,26.0,9.0,2.0,249.0,200.0,47.0,6.0,100.7,81.12,9.3,7.9,103.0,0.628,19.57,0.918,9.1,2459.0,2429.0,-0.01,0.31,Montreal Canadiens,5.2,47.0,3.0,2017,0.0,12
38,26.7,245.0,82.0,247.0,150.0,183.0,56.0,4.0,26.0,9.0,5.0,223.0,212.0,43.0,5.0,100.9,80.72,9.0,8.7,103.0,0.628,22.86,0.915,9.5,2547.0,2228.0,-0.06,0.37,Edmonton Oilers,5.6,47.0,4.0,2017,0.0,6
39,28.3,232.0,82.0,256.0,158.0,197.0,47.0,9.0,28.0,6.0,4.0,224.0,220.0,45.0,5.0,101.0,79.91,7.2,7.5,102.0,0.622,20.26,0.911,10.4,2438.0,2304.0,0.03,0.47,New York Rangers,5.8,48.0,3.0,2017,0.0,7
40,28.0,235.0,82.0,235.0,162.0,180.0,50.0,3.0,29.0,7.0,2.0,263.0,218.0,40.0,5.0,100.7,84.79,9.0,7.8,99.0,0.604,21.28,0.906,10.0,2330.0,2187.0,-0.04,0.17,St Louis Blues,5.52,46.0,2.0,2017,0.0,8
41,29.6,246.0,82.0,221.0,130.0,171.0,41.0,7.0,29.0,7.0,1.0,212.0,201.0,41.0,6.0,100.3,80.66,7.8,7.2,99.0,0.604,16.67,0.915,8.9,2453.0,1992.0,-0.03,0.21,San Jose Sharks,5.15,46.0,2.0,2017,0.0,13
42,28.8,254.0,82.0,212.0,147.0,156.0,43.0,7.0,28.0,10.0,4.0,247.0,214.0,50.0,3.0,99.7,79.76,10.3,9.6,98.0,0.598,16.93,0.915,8.4,2463.0,2350.0,0.01,-0.01,Ottawa Senators,5.2,44.0,6.0,2017,0.0,4
43,26.2,244.0,82.0,251.0,177.0,186.0,57.0,6.0,27.0,15.0,8.0,251.0,242.0,44.0,7.0,100.5,82.47,9.7,9.8,95.0,0.579,23.36,0.913,9.6,2617.0,2611.0,0.0,0.11,Toronto Maple Leafs,6.01,40.0,1.0,2017,0.0,14
44,28.8,244.0,82.0,234.0,165.0,169.0,53.0,10.0,31.0,7.0,3.0,266.0,212.0,38.0,6.0,98.4,85.71,10.1,9.8,95.0,0.579,21.72,0.905,8.5,2721.0,2194.0,0.0,0.27,Boston Bruins,5.44,44.0,2.0,2017,0.0,15
45,26.8,272.0,82.0,234.0,150.0,164.0,62.0,4.0,30.0,10.0,3.0,258.0,227.0,48.0,8.0,99.8,81.4,10.7,10.7,94.0,0.573,22.79,0.912,9.4,2452.0,2239.0,0.01,0.09,Tampa Bay Lightning,5.62,42.0,4.0,2017,0.0,17
46,28.4,234.0,82.0,241.0,190.0,199.0,35.0,5.0,29.0,12.0,4.0,227.0,242.0,40.0,7.0,100.6,82.38,7.9,7.9,94.0,0.573,14.96,0.909,9.6,2480.0,2616.0,0.05,0.03,New York Islanders,5.89,41.0,2.0,2017,0.0,18
47,27.9,259.0,82.0,240.0,168.0,177.0,49.0,12.0,29.0,12.0,4.0,241.0,224.0,46.0,6.0,100.4,80.91,10.2,10.7,94.0,0.573,18.92,0.911,9.3,2557.0,2472.0,-0.04,0.16,Nashville Predators,5.66,41.0,2.0,2017,0.0,2
48,28.3,258.0,82.0,226.0,163.0,162.0,52.0,8.0,33.0,4.0,2.0,277.0,221.0,51.0,5.0,99.7,81.59,11.7,10.7,94.0,0.573,20.16,0.907,9.3,2388.0,2354.0,-0.04,0.02,Calgary Flames,5.45,45.0,4.0,2017,0.0,16
49,27.6,277.0,82.0,219.0,172.0,154.0,54.0,4.0,33.0,10.0,5.0,247.0,236.0,50.0,9.0,98.5,79.76,10.3,11.1,88.0,0.537,19.49,0.901,8.2,2585.0,2334.0,0.04,-0.17,Philadelphia Flyers,5.55,39.0,7.0,2017,0.0,19
50,26.1,264.0,82.0,249.0,175.0,188.0,48.0,10.0,35.0,7.0,1.0,275.0,256.0,62.0,9.0,99.9,77.45,10.2,9.3,87.0,0.53,18.18,0.901,10.0,2448.0,2448.0,-0.03,-0.11,Winnipeg Jets,6.16,40.0,3.0,2017,0.0,20
51,26.8,231.0,82.0,215.0,192.0,161.0,41.0,10.0,31.0,15.0,6.0,202.0,236.0,32.0,6.0,98.8,84.16,5.8,6.6,87.0,0.53,17.75,0.901,8.5,2493.0,2320.0,0.05,-0.21,Carolina Hurricanes,5.5,36.0,3.0,2017,0.0,21
52,29.1,241.0,82.0,201.0,157.0,148.0,46.0,5.0,35.0,8.0,4.0,245.0,205.0,38.0,3.0,98.5,84.49,9.2,9.0,86.0,0.524,19.09,0.902,7.8,2553.0,1999.0,-0.02,-0.07,Los Angeles Kings,4.95,39.0,2.0,2017,0.0,22
53,28.6,265.0,82.0,210.0,187.0,152.0,45.0,8.0,36.0,11.0,6.0,245.0,237.0,36.0,8.0,98.9,85.31,9.9,9.9,81.0,0.494,16.98,0.911,7.8,2644.0,2595.0,0.03,-0.3,Florida Panthers,5.45,35.0,5.0,2017,0.0,23
54,28.5,257.0,82.0,223.0,160.0,171.0,46.0,5.0,37.0,11.0,2.0,249.0,262.0,65.0,11.0,99.5,73.9,9.9,8.6,79.0,0.482,17.9,0.8959999999999999,8.9,2505.0,2178.0,-0.01,-0.48,Dallas Stars,5.91,34.0,1.0,2017,0.0,24
55,28.4,252.0,82.0,207.0,190.0,157.0,38.0,3.0,36.0,13.0,0.0,235.0,244.0,45.0,9.0,99.6,80.85,8.8,9.2,79.0,0.482,15.08,0.903,8.5,2335.0,2507.0,0.04,-0.41,Detroit Red Wings,5.5,33.0,9.0,2017,0.0,25
56,26.4,233.0,82.0,201.0,172.0,139.0,57.0,3.0,37.0,12.0,6.0,237.0,237.0,53.0,4.0,99.4,77.64,9.0,8.5,78.0,0.476,24.46,0.918,8.0,2491.0,2781.0,0.03,-0.41,Buffalo Sabres,5.34,33.0,2.0,2017,0.0,26
57,27.3,235.0,82.0,197.0,177.0,145.0,38.0,8.0,42.0,10.0,2.0,260.0,260.0,59.0,7.0,99.8,77.31,9.9,7.6,70.0,0.4270000000000001,16.17,0.907,8.4,2281.0,2592.0,0.01,-0.76,Arizona Coyotes,5.57,30.0,6.0,2017,0.0,27
58,28.1,251.0,82.0,183.0,164.0,130.0,44.0,6.0,40.0,14.0,3.0,261.0,244.0,53.0,12.0,99.0,79.69,10.0,8.8,70.0,0.4270000000000001,17.53,0.907,7.9,2279.0,2440.0,0.08,-0.67,New Jersey Devils,5.21,28.0,3.0,2017,0.0,28
59,28.8,227.0,82.0,182.0,183.0,144.0,32.0,2.0,43.0,9.0,2.0,223.0,243.0,52.0,6.0,99.5,76.68,7.9,7.9,69.0,0.421,14.1,0.907,7.8,2273.0,2605.0,0.01,-0.73,Vancouver Canucks,5.18,30.0,4.0,2017,0.0,29
60,27.6,239.0,82.0,166.0,210.0,130.0,30.0,5.0,56.0,4.0,2.0,274.0,278.0,64.0,2.0,97.4,76.64,9.4,8.2,48.0,0.293,12.55,0.894,7.2,2303.0,2603.0,0.05,-1.32,Colorado Avalanche,5.41,22.0,1.0,2017,0.0,30
61,27.9,251.0,82.0,252.0,148.0,191.0,55.0,2.0,18.0,8.0,2.0,256.0,193.0,38.0,5.0,101.1,85.16,9.2,8.9,120.0,0.732,21.91,0.918,9.9,2510.0,2332.0,-0.02,0.7,Washington Capitals,5.43,56.0,4.0,2016,0.0,5
62,28.9,262.0,82.0,267.0,154.0,197.0,58.0,10.0,23.0,9.0,2.0,248.0,230.0,44.0,15.0,99.8,82.26,8.8,7.9,109.0,0.665,22.14,0.905,10.1,2624.0,2123.0,-0.01,0.45,Dallas Stars,6.06,50.0,2.0,2016,0.0,6
63,28.0,237.0,82.0,224.0,151.0,164.0,51.0,4.0,24.0,9.0,4.0,276.0,201.0,41.0,5.0,100.1,85.14,10.5,9.2,107.0,0.652,21.52,0.919,8.9,2474.0,2439.0,0.0,0.28,St Louis Blues,5.18,49.0,5.0,2016,0.0,3
64,29.0,261.0,82.0,245.0,150.0,182.0,48.0,11.0,26.0,8.0,4.0,257.0,203.0,40.0,5.0,100.5,84.44,8.5,8.7,104.0,0.634,18.39,0.919,8.9,2722.0,2348.0,-0.01,0.5,Pittsburgh Penguins,5.46,48.0,4.0,2016,1.0,1
65,27.4,245.0,82.0,218.0,146.0,152.0,56.0,7.0,25.0,11.0,4.0,290.0,192.0,37.0,3.0,99.2,87.24,12.5,10.5,103.0,0.628,22.86,0.915,8.7,2483.0,2177.0,-0.05,0.27,Anaheim Ducks,5.0,46.0,3.0,2016,0.0,9
66,29.2,278.0,82.0,239.0,138.0,180.0,47.0,5.0,26.0,9.0,3.0,268.0,203.0,55.0,5.0,101.7,79.48,10.4,10.2,103.0,0.628,16.91,0.918,9.8,2358.0,2391.0,-0.02,0.42,Florida Panthers,5.39,47.0,7.0,2016,0.0,10
67,28.6,252.0,82.0,235.0,158.0,167.0,57.0,10.0,26.0,9.0,2.0,233.0,209.0,46.0,3.0,99.6,80.26,7.5,8.6,103.0,0.628,22.62,0.918,9.4,2498.0,2526.0,0.0,0.32,Chicago Blackhawks,5.41,47.0,1.0,2016,0.0,11
68,28.3,235.0,82.0,225.0,136.0,171.0,47.0,5.0,28.0,6.0,3.0,285.0,195.0,53.0,3.0,99.8,81.4,10.6,9.1,102.0,0.622,20.0,0.915,8.5,2625.0,2254.0,-0.04,0.32,Los Angeles Kings,5.12,48.0,2.0,2016,0.0,12
69,29.6,226.0,82.0,236.0,152.0,188.0,42.0,3.0,27.0,9.0,2.0,243.0,217.0,53.0,5.0,102.1,78.19,8.6,7.7,101.0,0.616,18.58,0.913,10.0,2336.0,2383.0,0.01,0.24,New York Rangers,5.52,46.0,3.0,2016,0.0,13
70,27.9,229.0,82.0,232.0,169.0,178.0,43.0,7.0,27.0,10.0,5.0,232.0,216.0,36.0,6.0,100.6,84.48,8.8,9.2,100.0,0.61,18.78,0.915,9.4,2412.0,2495.0,0.0,0.19,New York Islanders,5.46,45.0,5.0,2016,0.0,7
71,29.1,275.0,82.0,241.0,132.0,169.0,62.0,6.0,30.0,6.0,3.0,236.0,210.0,46.0,7.0,100.0,80.51,8.9,10.1,98.0,0.598,22.55,0.909,9.5,2491.0,1942.0,-0.05,0.33,San Jose Sharks,5.5,46.0,4.0,2016,0.0,2
72,27.3,279.0,82.0,227.0,142.0,173.0,44.0,7.0,31.0,5.0,3.0,257.0,201.0,41.0,7.0,100.8,84.05,9.9,10.4,97.0,0.591,15.77,0.917,9.3,2402.0,2278.0,-0.02,0.3,Tampa Bay Lightning,5.22,46.0,3.0,2016,0.0,4
73,28.1,280.0,82.0,214.0,147.0,155.0,53.0,3.0,27.0,14.0,8.0,262.0,218.0,51.0,8.0,100.4,80.53,11.8,11.8,96.0,0.585,18.93,0.917,8.3,2540.0,2456.0,0.02,-0.03,Philadelphia Flyers,5.27,41.0,3.0,2016,0.0,14
74,28.4,259.0,82.0,228.0,160.0,166.0,51.0,7.0,27.0,14.0,2.0,245.0,215.0,46.0,2.0,99.5,81.22,9.9,9.4,96.0,0.585,19.69,0.904,8.9,2507.0,2165.0,0.01,0.17,Nashville Predators,5.4,41.0,4.0,2016,0.0,8
75,28.8,234.0,82.0,240.0,176.0,179.0,48.0,9.0,31.0,9.0,2.0,270.0,230.0,48.0,4.0,100.1,82.22,11.4,10.4,93.0,0.5670000000000001,20.51,0.908,9.0,2620.0,2490.0,-0.02,0.11,Boston Bruins,5.73,42.0,4.0,2016,0.0,17
76,28.7,266.0,82.0,211.0,165.0,157.0,50.0,2.0,30.0,11.0,5.0,271.0,224.0,50.0,4.0,99.7,81.55,8.8,9.1,93.0,0.5670000000000001,18.8,0.91,8.6,2432.0,2439.0,0.0,-0.16,Detroit Red Wings,5.3,41.0,2.0,2016,0.0,15
77,28.0,259.0,82.0,216.0,133.0,158.0,48.0,7.0,33.0,11.0,2.0,204.0,206.0,45.0,6.0,100.6,77.94,6.6,6.9,87.0,0.53,18.53,0.914,9.0,2374.0,2050.0,0.01,0.13,Minnesota Wild,5.15,38.0,3.0,2016,0.0,16
78,27.0,238.0,82.0,198.0,159.0,153.0,40.0,3.0,31.0,16.0,5.0,204.0,226.0,32.0,5.0,98.6,84.31,6.9,7.0,86.0,0.524,16.81,0.905,8.0,2451.0,2021.0,0.03,-0.31,Carolina Hurricanes,5.17,35.0,2.0,2016,0.0,18
79,27.0,239.0,82.0,236.0,174.0,175.0,38.0,17.0,35.0,9.0,6.0,253.0,247.0,61.0,3.0,101.0,75.89,10.9,10.8,85.0,0.518,15.9,0.91,9.9,2325.0,2599.0,0.01,-0.13,Ottawa Senators,5.89,38.0,6.0,2016,0.0,19
80,27.9,256.0,82.0,184.0,134.0,126.0,51.0,5.0,36.0,8.0,6.0,264.0,208.0,45.0,8.0,99.6,82.95,9.9,8.4,84.0,0.512,19.92,0.915,9.1,2003.0,2125.0,0.02,-0.28,New Jersey Devils,4.78,38.0,2.0,2016,0.0,20
81,28.0,259.0,82.0,221.0,176.0,166.0,42.0,8.0,38.0,6.0,3.0,254.0,236.0,46.0,11.0,99.4,81.89,9.4,9.9,82.0,0.5,16.22,0.903,8.6,2504.0,2408.0,0.0,-0.18,Montreal Canadiens,5.57,38.0,5.0,2016,0.0,21
82,28.3,266.0,82.0,216.0,180.0,157.0,48.0,7.0,39.0,4.0,0.0,258.0,240.0,51.0,9.0,100.5,80.23,9.4,9.4,82.0,0.5,18.05,0.909,9.0,2348.0,2649.0,0.03,-0.26,Colorado Avalanche,5.56,39.0,4.0,2016,0.0,22
83,26.2,254.0,82.0,201.0,155.0,145.0,48.0,6.0,36.0,11.0,7.0,218.0,222.0,38.0,6.0,99.2,82.57,9.1,9.0,81.0,0.494,18.9,0.914,8.2,2418.0,2264.0,0.01,-0.25,Buffalo Sabres,5.16,35.0,2.0,2016,0.0,23
84,27.6,300.0,82.0,209.0,152.0,151.0,53.0,4.0,39.0,8.0,1.0,304.0,245.0,69.0,14.0,100.6,77.3,12.3,10.7,78.0,0.476,17.67,0.902,9.2,2265.0,2375.0,0.01,-0.43,Arizona Coyotes,5.54,35.0,1.0,2016,0.0,24
85,26.8,257.0,82.0,215.0,164.0,164.0,38.0,10.0,39.0,8.0,3.0,282.0,239.0,61.0,4.0,99.7,78.37,11.2,9.9,78.0,0.476,14.79,0.903,8.7,2427.0,2325.0,0.03,-0.26,Winnipeg Jets,5.54,35.0,3.0,2016,0.0,25
86,27.7,270.0,82.0,231.0,193.0,173.0,46.0,10.0,40.0,7.0,3.0,234.0,260.0,57.0,7.0,99.4,75.64,9.2,9.5,77.0,0.47,17.04,0.892,9.5,2398.0,2377.0,-0.01,-0.36,Calgary Flames,5.99,35.0,2.0,2016,0.0,26
87,26.5,248.0,82.0,219.0,187.0,167.0,43.0,3.0,40.0,8.0,4.0,279.0,252.0,53.0,8.0,99.8,81.0,12.1,10.7,76.0,0.463,17.34,0.903,8.9,2387.0,2550.0,0.03,-0.38,Columbus Blue Jackets,5.74,34.0,6.0,2016,0.0,27
88,28.9,247.0,82.0,191.0,184.0,143.0,39.0,4.0,38.0,13.0,4.0,249.0,243.0,47.0,8.0,99.4,81.12,10.0,10.0,75.0,0.457,15.79,0.91,8.0,2311.0,2668.0,0.02,-0.62,Vancouver Canucks,5.29,31.0,5.0,2016,0.0,28
89,26.4,237.0,82.0,203.0,165.0,151.0,43.0,5.0,43.0,8.0,3.0,254.0,245.0,49.0,6.0,98.8,80.71,9.7,8.3,70.0,0.4270000000000001,18.14,0.906,8.3,2386.0,2275.0,0.0,-0.51,Edmonton Oilers,5.46,31.0,4.0,2016,0.0,29
90,27.4,259.0,82.0,198.0,156.0,149.0,40.0,3.0,42.0,11.0,6.0,272.0,246.0,50.0,8.0,98.4,81.62,9.2,7.8,69.0,0.421,15.44,0.902,7.6,2515.0,2110.0,0.03,-0.56,Toronto Maple Leafs,5.41,29.0,6.0,2016,0.0,30
91,29.4,232.0,82.0,252.0,131.0,200.0,39.0,9.0,22.0,7.0,5.0,235.0,192.0,37.0,6.0,101.7,84.26,8.7,7.7,113.0,0.6890000000000001,16.81,0.922,9.6,2582.0,2191.0,-0.04,0.69,New York Rangers,5.41,53.0,4.0,2015,0.0,3
92,28.4,242.0,82.0,221.0,138.0,167.0,40.0,7.0,22.0,10.0,5.0,257.0,189.0,42.0,4.0,101.3,83.66,10.2,9.3,110.0,0.6709999999999999,16.53,0.926,9.2,2334.0,2470.0,-0.03,0.36,Montreal Canadiens,5.0,50.0,7.0,2015,0.0,5
93,28.3,251.0,82.0,248.0,150.0,181.0,56.0,2.0,24.0,7.0,4.0,257.0,201.0,42.0,5.0,100.3,83.66,11.0,10.6,109.0,0.665,22.31,0.912,9.4,2535.0,2233.0,0.02,0.59,St Louis Blues,5.48,51.0,9.0,2015,0.0,9
94,27.0,236.0,82.0,236.0,163.0,182.0,37.0,9.0,24.0,7.0,5.0,274.0,226.0,52.0,6.0,100.2,81.02,10.8,9.8,109.0,0.665,15.68,0.907,9.3,2458.0,2367.0,-0.03,0.1,Anaheim Ducks,5.63,51.0,8.0,2015,0.0,4
95,26.9,282.0,82.0,262.0,150.0,199.0,53.0,7.0,24.0,8.0,5.0,257.0,211.0,42.0,6.0,100.8,83.66,9.9,9.9,108.0,0.659,18.79,0.91,10.7,2428.0,2137.0,-0.06,0.57,Tampa Bay Lightning,5.77,50.0,3.0,2015,0.0,2
96,28.4,259.0,82.0,232.0,152.0,180.0,42.0,4.0,25.0,10.0,6.0,234.0,208.0,45.0,5.0,101.0,80.77,8.5,9.3,104.0,0.634,16.22,0.913,8.6,2614.0,2317.0,0.03,0.33,Nashville Predators,5.37,47.0,6.0,2015,0.0,10
97,29.3,260.0,82.0,229.0,123.0,171.0,46.0,3.0,28.0,6.0,3.0,211.0,189.0,35.0,7.0,100.3,83.41,7.3,7.3,102.0,0.622,17.69,0.925,7.9,2777.0,2127.0,0.02,0.51,Chicago Blackhawks,5.1,48.0,9.0,2015,1.0,1
98,29.4,238.0,82.0,242.0,156.0,184.0,46.0,6.0,29.0,5.0,2.0,266.0,222.0,38.0,2.0,99.5,85.71,10.9,8.4,101.0,0.616,19.33,0.907,9.6,2453.0,1993.0,-0.05,0.2,Vancouver Canucks,5.66,48.0,6.0,2015,0.0,11
99,27.3,267.0,82.0,252.0,170.0,185.0,50.0,10.0,28.0,7.0,6.0,217.0,230.0,48.0,3.0,99.4,77.88,8.5,9.3,101.0,0.616,18.73,0.904,8.8,2771.0,2301.0,-0.01,0.26,New York Islanders,5.88,47.0,7.0,2015,0.0,12
100,28.1,237.0,82.0,242.0,145.0,173.0,60.0,4.0,26.0,11.0,4.0,266.0,203.0,50.0,4.0,100.3,81.2,10.5,10.4,101.0,0.616,25.32,0.916,9.8,2419.0,2368.0,-0.03,0.44,Washington Capitals,5.43,45.0,5.0,2015,0.0,6
101,28.9,294.0,82.0,235.0,148.0,158.0,70.0,3.0,25.0,14.0,10.0,288.0,221.0,55.0,8.0,100.0,80.9,8.8,9.7,100.0,0.61,23.81,0.909,9.5,2429.0,2322.0,-0.03,0.14,Detroit Red Wings,5.56,43.0,4.0,2015,0.0,13
102,27.7,246.0,82.0,231.0,157.0,184.0,39.0,4.0,28.0,8.0,3.0,234.0,201.0,32.0,3.0,100.2,86.32,8.9,8.8,100.0,0.61,15.85,0.912,9.0,2522.0,2182.0,0.03,0.39,Minnesota Wild,5.27,46.0,4.0,2015,0.0,7
103,27.3,269.0,82.0,230.0,125.0,165.0,48.0,10.0,26.0,13.0,6.0,308.0,210.0,56.0,5.0,100.8,81.82,13.0,10.1,99.0,0.604,17.84,0.917,9.1,2439.0,2141.0,0.04,0.29,Winnipeg Jets,5.37,43.0,7.0,2015,0.0,14
104,26.9,280.0,82.0,238.0,149.0,179.0,47.0,6.0,26.0,13.0,7.0,257.0,215.0,44.0,8.0,101.0,82.88,10.3,10.9,99.0,0.604,16.79,0.922,9.1,2539.0,2550.0,-0.04,0.25,Ottawa Senators,5.52,43.0,6.0,2015,0.0,15
105,29.5,254.0,82.0,221.0,149.0,162.0,49.0,6.0,27.0,12.0,6.0,277.0,210.0,42.0,11.0,100.0,84.84,13.7,11.9,98.0,0.598,19.29,0.915,8.4,2594.0,2374.0,-0.01,0.12,Pittsburgh Penguins,5.26,43.0,4.0,2015,0.0,16
106,28.2,255.0,82.0,241.0,171.0,183.0,48.0,6.0,30.0,7.0,3.0,186.0,216.0,36.0,3.0,100.8,80.65,7.6,8.8,97.0,0.591,18.82,0.91,10.5,2252.0,2332.0,-0.05,0.26,Calgary Flames,5.57,45.0,4.0,2015,0.0,8
107,28.3,213.0,82.0,213.0,148.0,163.0,38.0,8.0,27.0,14.0,10.0,244.0,211.0,44.0,3.0,100.1,81.97,9.5,8.2,96.0,0.585,17.84,0.918,8.2,2546.0,2377.0,-0.01,0.01,Boston Bruins,5.17,41.0,4.0,2015,0.0,17
108,28.5,247.0,82.0,220.0,143.0,164.0,47.0,7.0,27.0,15.0,8.0,236.0,205.0,45.0,2.0,100.2,80.93,9.1,8.8,95.0,0.579,19.03,0.911,8.6,2536.0,2130.0,-0.03,0.16,Los Angeles Kings,5.18,40.0,2.0,2015,0.0,18
109,28.5,290.0,82.0,261.0,178.0,193.0,55.0,9.0,31.0,10.0,3.0,254.0,260.0,49.0,7.0,99.8,80.71,9.6,9.6,92.0,0.561,18.97,0.895,10.0,2558.0,2148.0,0.05,0.06,Dallas Stars,6.35,41.0,4.0,2015,0.0,19
110,29.2,246.0,82.0,206.0,155.0,157.0,40.0,1.0,29.0,15.0,10.0,250.0,223.0,50.0,6.0,99.6,80.0,8.9,8.9,91.0,0.555,16.26,0.913,7.9,2516.0,2397.0,-0.02,-0.23,Florida Panthers,5.23,38.0,8.0,2015,0.0,20
111,28.6,247.0,82.0,219.0,184.0,168.0,37.0,4.0,31.0,12.0,4.0,241.0,227.0,37.0,2.0,101.1,84.65,9.4,9.6,90.0,0.5489999999999999,14.98,0.918,9.1,2286.0,2719.0,0.06,-0.04,Colorado Avalanche,5.44,39.0,10.0,2015,0.0,21
112,28.5,254.0,82.0,228.0,165.0,165.0,55.0,4.0,33.0,9.0,6.0,223.0,232.0,48.0,5.0,99.2,78.48,9.3,8.9,89.0,0.5429999999999999,21.65,0.906,8.6,2591.0,2277.0,-0.03,-0.08,San Jose Sharks,5.61,40.0,4.0,2015,0.0,22
113,27.0,244.0,82.0,236.0,183.0,169.0,53.0,5.0,35.0,5.0,2.0,303.0,250.0,60.0,5.0,99.8,80.2,11.9,11.0,89.0,0.5429999999999999,21.72,0.91,9.6,2366.0,2742.0,0.01,-0.16,Columbus Blue Jackets,5.93,42.0,9.0,2015,0.0,23
114,28.6,256.0,82.0,215.0,156.0,149.0,60.0,3.0,31.0,18.0,11.0,266.0,234.0,61.0,6.0,100.4,77.07,10.2,9.2,84.0,0.512,23.44,0.91,8.8,2413.0,2481.0,0.0,-0.23,Philadelphia Flyers,5.48,33.0,3.0,2015,0.0,24
115,30.5,212.0,82.0,181.0,134.0,128.0,41.0,7.0,36.0,14.0,7.0,268.0,216.0,52.0,8.0,100.7,80.6,9.3,7.2,78.0,0.476,19.34,0.921,8.8,2008.0,2340.0,0.02,-0.4,New Jersey Devils,4.84,32.0,5.0,2015,0.0,25
116,27.9,240.0,82.0,188.0,185.0,136.0,45.0,2.0,41.0,11.0,7.0,190.0,226.0,29.0,4.0,97.6,84.74,6.7,8.1,71.0,0.433,18.75,0.902,7.3,2524.0,2220.0,0.02,-0.44,Carolina Hurricanes,5.05,30.0,5.0,2015,0.0,26
117,27.7,283.0,82.0,211.0,185.0,154.0,45.0,7.0,44.0,8.0,5.0,266.0,262.0,52.0,12.0,99.4,80.45,10.0,10.2,68.0,0.415,15.9,0.905,8.6,2397.0,2567.0,0.02,-0.61,Toronto Maple Leafs,5.77,30.0,5.0,2015,0.0,27
118,27.2,232.0,82.0,198.0,213.0,148.0,41.0,4.0,44.0,14.0,7.0,219.0,283.0,51.0,7.0,97.6,76.71,8.3,8.4,62.0,0.378,17.67,0.889,8.3,2331.0,2409.0,0.03,-1.01,Edmonton Oilers,5.87,24.0,5.0,2015,0.0,28
119,28.5,230.0,82.0,170.0,181.0,115.0,46.0,4.0,50.0,8.0,5.0,279.0,272.0,65.0,7.0,97.5,76.7,9.5,8.1,56.0,0.341,20.0,0.903,6.9,2393.0,2600.0,0.04,-1.2,Arizona Coyotes,5.39,24.0,5.0,2015,0.0,29
120,26.9,224.0,82.0,161.0,172.0,116.0,30.0,7.0,51.0,8.0,5.0,257.0,274.0,64.0,8.0,99.5,75.1,10.4,8.6,54.0,0.329,13.39,0.911,7.7,1984.0,2598.0,0.05,-1.33,Buffalo Sabres,5.3,23.0,8.0,2015,0.0,30
121,27.6,230.0,82.0,261.0,119.0,199.0,50.0,9.0,19.0,9.0,6.0,263.0,177.0,43.0,6.0,102.1,83.65,10.8,9.7,117.0,0.713,21.74,0.929,9.9,2612.0,2350.0,-0.11,0.92,Boston Bruins,5.34,54.0,3.0,2014,0.0,5
122,27.7,275.0,82.0,266.0,147.0,209.0,44.0,10.0,20.0,8.0,6.0,270.0,209.0,48.0,8.0,102.0,82.22,10.9,12.6,116.0,0.7070000000000001,16.0,0.914,10.2,2569.0,2353.0,-0.01,0.68,Anaheim Ducks,5.79,54.0,3.0,2014,0.0,6
123,26.9,252.0,82.0,250.0,166.0,192.0,50.0,3.0,22.0,8.0,4.0,249.0,220.0,48.0,1.0,101.5,80.72,10.9,10.3,112.0,0.6829999999999999,19.84,0.918,10.1,2420.0,2610.0,0.04,0.4,Colorado Avalanche,5.73,52.0,5.0,2014,0.0,9
124,28.7,291.0,82.0,249.0,146.0,181.0,50.0,8.0,22.0,9.0,7.0,219.0,200.0,33.0,6.0,99.7,84.93,9.0,10.7,111.0,0.677,17.18,0.917,8.4,2851.0,2177.0,0.0,0.6,San Jose Sharks,5.48,51.0,10.0,2014,0.0,10
125,27.4,283.0,82.0,248.0,140.0,177.0,56.0,6.0,23.0,7.0,3.0,293.0,191.0,42.0,6.0,100.6,85.67,14.2,14.2,111.0,0.677,19.79,0.913,10.0,2402.0,2163.0,0.01,0.71,St Louis Blues,5.35,52.0,9.0,2014,0.0,11
126,28.3,278.0,82.0,249.0,160.0,173.0,65.0,4.0,24.0,7.0,3.0,254.0,207.0,38.0,6.0,100.1,85.04,10.1,10.9,109.0,0.665,23.38,0.913,9.9,2454.0,2358.0,-0.04,0.47,Pittsburgh Penguins,5.56,51.0,7.0,2014,0.0,7
127,27.5,257.0,82.0,267.0,138.0,202.0,50.0,9.0,21.0,15.0,8.0,248.0,220.0,46.0,6.0,99.9,81.45,8.5,7.8,107.0,0.652,19.46,0.905,9.6,2715.0,1977.0,0.02,0.6,Chicago Blackhawks,5.94,46.0,6.0,2014,0.0,3
128,27.1,270.0,82.0,240.0,141.0,172.0,50.0,10.0,27.0,9.0,6.0,270.0,215.0,52.0,8.0,100.5,80.74,10.3,9.5,101.0,0.616,18.52,0.913,9.5,2446.0,2247.0,-0.06,0.25,Tampa Bay Lightning,5.55,46.0,8.0,2014,0.0,12
129,28.3,279.0,82.0,215.0,137.0,155.0,48.0,6.0,28.0,8.0,3.0,289.0,204.0,43.0,8.0,100.5,85.12,13.0,11.1,100.0,0.61,17.2,0.921,9.0,2330.0,2311.0,-0.05,0.08,Montreal Canadiens,5.11,46.0,6.0,2014,0.0,4
130,27.4,284.0,82.0,206.0,112.0,150.0,43.0,5.0,28.0,8.0,6.0,296.0,174.0,50.0,6.0,100.1,83.11,10.7,10.9,100.0,0.61,15.14,0.92,7.6,2595.0,2086.0,0.01,0.4,Los Angeles Kings,4.63,46.0,8.0,2014,1.0,1
131,27.2,252.0,82.0,207.0,135.0,150.0,45.0,4.0,27.0,12.0,8.0,250.0,206.0,53.0,8.0,101.0,78.8,9.5,9.4,98.0,0.598,17.86,0.91,9.1,2180.0,2176.0,0.05,0.07,Minnesota Wild,5.04,43.0,8.0,2014,0.0,8
132,27.4,264.0,82.0,218.0,141.0,156.0,48.0,10.0,31.0,6.0,3.0,232.0,193.0,34.0,7.0,99.8,85.34,10.0,9.9,96.0,0.585,18.18,0.921,7.9,2719.0,2290.0,-0.04,0.26,New York Rangers,5.01,45.0,4.0,2014,0.0,2
133,27.7,294.0,82.0,236.0,157.0,167.0,58.0,8.0,30.0,10.0,8.0,316.0,235.0,48.0,11.0,100.2,84.81,14.4,12.9,94.0,0.573,19.73,0.909,9.4,2490.0,2342.0,-0.02,-0.01,Philadelphia Flyers,5.74,42.0,3.0,2014,0.0,13
134,28.6,282.0,82.0,222.0,166.0,164.0,50.0,3.0,28.0,15.0,9.0,295.0,230.0,50.0,5.0,100.2,83.05,8.8,8.6,93.0,0.5670000000000001,17.73,0.908,8.8,2456.0,2400.0,-0.04,-0.14,Detroit Red Wings,5.51,39.0,5.0,2014,0.0,14
135,26.1,280.0,82.0,231.0,156.0,163.0,54.0,9.0,32.0,7.0,2.0,280.0,216.0,50.0,8.0,100.7,82.14,11.1,11.0,93.0,0.5670000000000001,19.29,0.915,9.3,2431.0,2524.0,-0.03,0.16,Columbus Blue Jackets,5.45,43.0,5.0,2014,0.0,15
136,28.2,290.0,82.0,235.0,158.0,177.0,46.0,8.0,31.0,11.0,5.0,263.0,228.0,49.0,5.0,100.3,81.37,11.0,11.1,91.0,0.555,15.86,0.91,8.9,2597.0,2345.0,0.05,0.14,Dallas Stars,5.65,40.0,4.0,2014,0.0,16
137,26.5,291.0,82.0,235.0,168.0,152.0,68.0,5.0,30.0,14.0,11.0,284.0,240.0,51.0,10.0,100.2,82.04,11.7,12.4,90.0,0.5489999999999999,23.37,0.917,9.3,2412.0,2750.0,-0.02,-0.08,Washington Capitals,5.79,38.0,10.0,2014,0.0,17
138,28.7,282.0,82.0,216.0,143.0,150.0,56.0,3.0,30.0,15.0,7.0,272.0,231.0,57.0,5.0,100.2,79.04,9.9,8.7,89.0,0.5429999999999999,19.86,0.912,8.4,2497.0,2223.0,0.03,-0.16,Phoenix Coyotes,5.45,37.0,6.0,2014,0.0,18
139,26.7,239.0,82.0,216.0,169.0,166.0,46.0,2.0,32.0,12.0,9.0,238.0,242.0,47.0,0.0,99.2,80.25,9.9,8.7,88.0,0.537,19.25,0.905,9.0,2382.0,2215.0,0.07,-0.25,Nashville Predators,5.59,38.0,2.0,2014,0.0,19
140,30.6,241.0,82.0,197.0,132.0,141.0,47.0,9.0,29.0,18.0,13.0,264.0,208.0,36.0,4.0,98.8,86.36,8.0,7.1,88.0,0.537,19.5,0.908,9.0,2199.0,1810.0,-0.02,-0.15,New Jersey Devils,4.94,35.0,0.0,2014,0.0,20
141,26.6,271.0,82.0,236.0,182.0,174.0,50.0,5.0,31.0,14.0,7.0,320.0,265.0,61.0,10.0,99.6,80.94,13.3,11.5,88.0,0.537,18.45,0.909,8.5,2691.0,2767.0,-0.02,-0.37,Ottawa Senators,6.11,37.0,7.0,2014,0.0,21
142,26.3,259.0,82.0,227.0,155.0,174.0,40.0,5.0,35.0,10.0,6.0,291.0,237.0,49.0,6.0,99.4,83.16,11.9,9.5,84.0,0.512,15.44,0.909,8.7,2516.0,2193.0,0.06,-0.07,Winnipeg Jets,5.66,37.0,8.0,2014,0.0,22
143,26.2,252.0,82.0,231.0,176.0,165.0,50.0,7.0,36.0,8.0,4.0,268.0,256.0,58.0,12.0,101.0,78.36,12.7,11.4,84.0,0.512,19.84,0.913,9.7,2290.0,2822.0,-0.04,-0.34,Toronto Maple Leafs,5.94,38.0,9.0,2014,0.0,23
144,27.0,281.0,82.0,207.0,174.0,153.0,41.0,11.0,35.0,11.0,4.0,241.0,230.0,44.0,8.0,99.4,81.74,7.9,9.0,83.0,0.506,14.59,0.911,8.0,2561.0,2537.0,-0.01,-0.29,Carolina Hurricanes,5.33,36.0,2.0,2014,0.0,24
145,28.6,257.0,82.0,196.0,152.0,146.0,39.0,6.0,35.0,11.0,7.0,274.0,223.0,46.0,4.0,99.4,83.21,13.6,11.3,83.0,0.506,15.18,0.908,7.6,2527.0,2156.0,0.03,-0.3,Vancouver Canucks,5.11,36.0,5.0,2014,0.0,25
146,26.2,276.0,82.0,225.0,196.0,159.0,49.0,8.0,37.0,11.0,6.0,265.0,267.0,58.0,7.0,98.6,78.11,12.4,11.5,79.0,0.482,17.75,0.894,8.5,2537.0,2464.0,0.0,-0.51,New York Islanders,6.0,34.0,9.0,2014,0.0,26
147,26.7,249.0,82.0,209.0,188.0,151.0,39.0,12.0,40.0,7.0,3.0,235.0,241.0,43.0,7.0,98.9,81.7,10.5,10.6,77.0,0.47,15.66,0.899,9.2,2199.0,2345.0,0.04,-0.35,Calgary Flames,5.49,35.0,7.0,2014,0.0,27
148,26.5,271.0,82.0,203.0,196.0,149.0,46.0,4.0,44.0,9.0,3.0,280.0,270.0,50.0,13.0,99.2,82.14,11.8,11.8,67.0,0.409,16.97,0.903,9.0,2208.0,2665.0,0.07,-0.75,Edmonton Oilers,5.77,29.0,4.0,2014,0.0,28
149,29.0,269.0,82.0,196.0,193.0,153.0,27.0,8.0,45.0,8.0,6.0,262.0,268.0,63.0,6.0,98.5,75.95,10.3,10.9,66.0,0.402,10.04,0.897,7.7,2451.0,2551.0,0.01,-0.87,Florida Panthers,5.66,29.0,8.0,2014,0.0,29
150,26.6,256.0,82.0,157.0,175.0,109.0,36.0,5.0,51.0,10.0,5.0,274.0,248.0,51.0,5.0,98.4,81.39,11.0,9.8,52.0,0.317,14.06,0.913,7.0,2156.0,2611.0,0.02,-1.09,Buffalo Sabres,4.94,21.0,7.0,2014,0.0,30
151,26.8,150.0,48.0,155.0,72.0,119.0,25.0,5.0,7.0,5.0,5.0,141.0,102.0,18.0,5.0,101.7,87.23,9.2,9.8,77.0,0.802,16.67,0.922,10.0,1494.0,1199.0,-0.07,1.04,Chicago Blackhawks,5.35,36.0,6.0,2013,1.0,1
152,29.0,170.0,48.0,165.0,82.0,118.0,42.0,2.0,12.0,0.0,0.0,167.0,119.0,34.0,3.0,102.5,79.64,11.7,12.1,72.0,0.75,24.71,0.915,11.3,1438.0,1403.0,-0.05,0.91,Pittsburgh Penguins,5.92,36.0,3.0,2013,0.0,3
153,28.8,135.0,48.0,140.0,80.0,100.0,29.0,5.0,12.0,6.0,3.0,162.0,118.0,30.0,5.0,101.5,81.48,11.1,9.5,66.0,0.688,21.48,0.914,9.9,1347.0,1340.0,-0.02,0.43,Anaheim Ducks,5.38,30.0,6.0,2013,0.0,9
154,27.8,203.0,48.0,149.0,87.0,104.0,42.0,0.0,14.0,5.0,2.0,173.0,126.0,35.0,2.0,100.9,79.77,13.3,14.9,63.0,0.6559999999999999,20.69,0.904,9.9,1468.0,1293.0,-0.02,0.46,Montreal Canadiens,5.73,29.0,3.0,2013,0.0,10
155,27.8,122.0,48.0,131.0,75.0,104.0,18.0,5.0,14.0,6.0,3.0,163.0,109.0,21.0,2.0,100.5,87.12,12.2,8.7,62.0,0.6459999999999999,14.75,0.92,8.2,1557.0,1205.0,-0.02,0.44,Boston Bruins,5.0,28.0,4.0,2013,0.0,2
156,26.3,149.0,48.0,129.0,86.0,92.0,29.0,3.0,17.0,2.0,1.0,150.0,115.0,23.0,5.0,99.4,84.67,11.1,11.3,60.0,0.625,19.46,0.902,9.3,1336.0,1161.0,0.02,0.31,St Louis Blues,5.08,29.0,5.0,2013,0.0,11
157,26.5,166.0,48.0,133.0,81.0,96.0,33.0,2.0,16.0,5.0,4.0,161.0,118.0,27.0,1.0,99.2,83.23,10.0,9.3,59.0,0.615,19.88,0.9,9.2,1431.0,1065.0,-0.02,0.29,Los Angeles Kings,5.23,27.0,2.0,2013,0.0,4
158,28.2,165.0,48.0,127.0,85.0,94.0,26.0,2.0,15.0,7.0,6.0,169.0,121.0,27.0,3.0,100.4,84.02,12.7,13.1,59.0,0.615,15.76,0.917,9.0,1350.0,1389.0,-0.06,0.07,Vancouver Canucks,5.17,26.0,5.0,2013,0.0,12
159,26.0,166.0,48.0,145.0,91.0,113.0,31.0,1.0,17.0,5.0,5.0,157.0,133.0,19.0,4.0,102.5,87.9,16.2,12.3,57.0,0.594,18.67,0.919,11.5,1264.0,1375.0,0.02,0.27,Toronto Maple Leafs,5.79,26.0,0.0,2013,0.0,13
160,26.6,164.0,48.0,149.0,90.0,99.0,44.0,3.0,18.0,3.0,0.0,163.0,130.0,36.0,4.0,101.2,77.91,10.8,11.5,57.0,0.594,26.83,0.916,10.8,1350.0,1551.0,-0.09,0.31,Washington Capitals,5.81,27.0,3.0,2013,0.0,14
161,28.9,169.0,48.0,124.0,82.0,79.0,34.0,3.0,16.0,7.0,4.0,147.0,116.0,22.0,4.0,99.7,85.03,10.9,10.9,57.0,0.594,20.12,0.919,7.6,1526.0,1332.0,0.01,0.17,San Jose Sharks,5.0,25.0,8.0,2013,0.0,5
162,27.4,157.0,48.0,116.0,79.0,85.0,25.0,2.0,17.0,6.0,4.0,167.0,104.0,20.0,1.0,99.6,88.02,13.6,13.8,56.0,0.583,15.92,0.933,7.0,1591.0,1502.0,0.02,0.27,Ottawa Senators,4.58,25.0,4.0,2013,0.0,6
163,28.2,185.0,48.0,124.0,75.0,85.0,34.0,3.0,16.0,8.0,5.0,164.0,115.0,30.0,5.0,100.2,81.71,9.8,11.5,56.0,0.583,18.38,0.917,8.4,1447.0,1322.0,0.01,0.2,Detroit Red Wings,4.98,24.0,2.0,2013,0.0,7
164,27.2,153.0,48.0,130.0,73.0,97.0,24.0,5.0,18.0,4.0,4.0,148.0,112.0,28.0,4.0,100.8,81.08,9.3,9.5,56.0,0.583,15.69,0.92,8.5,1483.0,1319.0,0.0,0.38,New York Rangers,5.04,26.0,4.0,2013,0.0,8
165,26.3,155.0,48.0,120.0,88.0,90.0,22.0,3.0,17.0,7.0,4.0,144.0,119.0,25.0,2.0,101.2,82.64,12.6,12.8,55.0,0.573,14.19,0.92,9.0,1283.0,1436.0,0.01,0.03,Columbus Blue Jackets,4.98,24.0,5.0,2013,0.0,17
166,27.8,151.0,48.0,122.0,99.0,90.0,27.0,1.0,19.0,3.0,2.0,135.0,127.0,26.0,0.0,98.9,80.74,11.4,11.8,55.0,0.573,17.88,0.904,8.5,1382.0,1299.0,-0.05,-0.16,Minnesota Wild,5.19,26.0,4.0,2013,0.0,15
167,28.7,156.0,48.0,139.0,108.0,102.0,31.0,2.0,17.0,7.0,3.0,142.0,139.0,28.0,0.0,99.1,80.28,9.6,10.3,55.0,0.573,19.87,0.899,9.1,1485.0,1352.0,0.03,0.03,New York Islanders,5.79,24.0,4.0,2013,0.0,16
168,28.4,169.0,48.0,125.0,80.0,94.0,25.0,2.0,18.0,9.0,6.0,169.0,131.0,34.0,2.0,100.2,79.88,10.5,8.7,51.0,0.531,14.79,0.914,8.2,1482.0,1314.0,0.03,-0.1,Phoenix Coyotes,5.33,21.0,4.0,2013,0.0,18
169,26.4,145.0,48.0,128.0,110.0,105.0,20.0,1.0,21.0,3.0,3.0,138.0,144.0,28.0,3.0,99.6,79.71,11.1,10.5,51.0,0.531,13.79,0.901,9.1,1389.0,1424.0,-0.03,-0.36,Winnipeg Jets,5.67,24.0,2.0,2013,0.0,19
170,27.9,171.0,48.0,133.0,85.0,93.0,37.0,2.0,22.0,3.0,2.0,184.0,141.0,26.0,3.0,99.1,85.87,15.7,12.6,49.0,0.51,21.64,0.902,9.5,1394.0,1094.0,0.03,-0.14,Philadelphia Flyers,5.71,23.0,1.0,2013,0.0,20
171,27.3,163.0,48.0,125.0,94.0,88.0,23.0,7.0,21.0,6.0,4.0,178.0,143.0,37.0,7.0,100.5,79.21,13.1,12.0,48.0,0.5,14.11,0.911,8.8,1339.0,1546.0,0.07,-0.31,Buffalo Sabres,5.58,21.0,7.0,2013,0.0,21
172,30.8,176.0,48.0,112.0,79.0,71.0,28.0,11.0,19.0,10.0,7.0,169.0,129.0,32.0,6.0,97.8,81.07,10.6,10.8,48.0,0.5,15.91,0.894,8.0,1362.0,1070.0,0.04,-0.31,New Jersey Devils,5.02,19.0,2.0,2013,0.0,22
173,28.2,171.0,48.0,130.0,92.0,97.0,29.0,2.0,22.0,4.0,1.0,179.0,142.0,34.0,3.0,101.1,81.01,13.0,11.7,48.0,0.5,16.96,0.904,10.2,1261.0,1317.0,0.05,-0.21,Dallas Stars,5.67,22.0,2.0,2013,0.0,23
174,26.4,169.0,48.0,125.0,98.0,85.0,34.0,4.0,22.0,7.0,3.0,175.0,134.0,29.0,1.0,100.6,83.43,10.8,10.9,45.0,0.469,20.12,0.917,9.6,1285.0,1521.0,-0.03,-0.22,Edmonton Oilers,5.4,19.0,2.0,2013,0.0,24
175,29.0,155.0,48.0,128.0,127.0,91.0,31.0,6.0,25.0,4.0,3.0,151.0,160.0,28.0,2.0,97.9,81.46,10.8,9.9,42.0,0.438,20.0,0.889,9.9,1293.0,1412.0,0.02,-0.65,Calgary Flames,6.0,19.0,0.0,2013,0.0,25
176,26.9,165.0,48.0,128.0,107.0,100.0,24.0,3.0,25.0,4.0,1.0,161.0,160.0,36.0,4.0,98.7,77.64,11.2,9.0,42.0,0.438,14.55,0.899,8.2,1545.0,1420.0,0.02,-0.65,Carolina Hurricanes,6.0,19.0,1.0,2013,0.0,26
177,27.3,140.0,48.0,111.0,89.0,84.0,24.0,1.0,23.0,9.0,6.0,139.0,139.0,34.0,4.0,99.7,75.54,9.8,9.4,41.0,0.4270000000000001,17.14,0.902,8.8,1244.0,1255.0,0.09,-0.5,Nashville Predators,5.21,16.0,2.0,2013,0.0,27
178,27.7,163.0,48.0,148.0,113.0,116.0,31.0,0.0,26.0,4.0,3.0,155.0,150.0,30.0,4.0,101.0,80.65,12.0,13.0,40.0,0.417,19.02,0.899,11.1,1323.0,1451.0,-0.07,-0.11,Tampa Bay Lightning,6.21,18.0,1.0,2013,0.0,28
179,26.7,140.0,48.0,116.0,108.0,90.0,21.0,3.0,25.0,7.0,2.0,183.0,152.0,36.0,3.0,98.6,80.33,12.5,9.2,39.0,0.406,15.0,0.899,8.1,1415.0,1443.0,0.02,-0.73,Colorado Avalanche,5.58,16.0,2.0,2013,0.0,29
180,27.8,142.0,48.0,112.0,122.0,76.0,29.0,4.0,27.0,6.0,1.0,151.0,171.0,39.0,1.0,96.6,74.17,11.3,10.0,36.0,0.375,20.42,0.887,7.8,1400.0,1419.0,0.05,-1.18,Florida Panthers,5.9,15.0,3.0,2013,0.0,30
181,28.5,288.0,82.0,249.0,139.0,177.0,57.0,7.0,22.0,9.0,7.0,286.0,198.0,40.0,4.0,101.2,86.01,12.8,12.1,111.0,0.677,19.79,0.926,9.3,2583.0,2428.0,-0.05,0.57,Vancouver Canucks,5.45,51.0,8.0,2012,0.0,9
182,26.5,280.0,82.0,226.0,142.0,170.0,44.0,8.0,24.0,7.0,5.0,260.0,187.0,36.0,4.0,100.9,86.15,12.9,14.5,109.0,0.665,15.71,0.92,9.5,2338.0,2281.0,-0.02,0.46,New York Rangers,5.04,51.0,4.0,2012,0.0,3
183,26.5,269.0,82.0,210.0,112.0,154.0,45.0,7.0,22.0,11.0,10.0,282.0,165.0,40.0,3.0,100.7,85.82,13.0,12.1,109.0,0.665,16.73,0.929,8.2,2511.0,2190.0,-0.01,0.54,St Louis Blues,4.57,49.0,4.0,2012,0.0,5
184,28.5,289.0,82.0,282.0,175.0,205.0,57.0,11.0,25.0,6.0,3.0,270.0,221.0,33.0,10.0,99.8,87.78,10.7,12.3,108.0,0.659,19.72,0.903,9.8,2779.0,2247.0,-0.03,0.71,Pittsburgh Penguins,6.13,51.0,9.0,2012,0.0,10
185,26.8,250.0,82.0,237.0,153.0,173.0,54.0,5.0,26.0,8.0,5.0,244.0,210.0,40.0,4.0,101.0,83.61,8.4,7.9,104.0,0.634,21.6,0.918,10.3,2261.0,2322.0,0.01,0.34,Nashville Predators,5.45,48.0,5.0,2012,0.0,6
186,27.3,335.0,82.0,264.0,141.0,188.0,66.0,6.0,26.0,9.0,7.0,319.0,232.0,58.0,9.0,100.4,81.82,16.1,13.9,103.0,0.628,19.7,0.905,9.8,2641.0,2074.0,0.0,0.39,Philadelphia Flyers,6.05,47.0,4.0,2012,0.0,7
187,30.0,298.0,82.0,248.0,139.0,189.0,48.0,2.0,28.0,6.0,3.0,274.0,203.0,50.0,11.0,101.2,81.75,8.5,10.4,102.0,0.622,16.11,0.91,9.1,2638.0,2212.0,0.0,0.55,Detroit Red Wings,5.5,48.0,9.0,2012,0.0,11
188,30.1,267.0,82.0,228.0,145.0,155.0,46.0,15.0,28.0,6.0,4.0,259.0,209.0,27.0,13.0,99.7,89.58,11.5,8.9,102.0,0.622,17.23,0.908,9.6,2253.0,1918.0,0.0,0.23,New Jersey Devils,5.33,48.0,12.0,2012,0.0,2
189,28.8,250.0,82.0,269.0,149.0,209.0,43.0,8.0,29.0,4.0,3.0,260.0,202.0,43.0,1.0,101.2,83.46,13.5,10.4,102.0,0.622,17.2,0.919,9.8,2653.0,2283.0,-0.07,0.75,Boston Bruins,5.74,49.0,9.0,2012,0.0,12
190,27.0,277.0,82.0,248.0,152.0,192.0,42.0,7.0,26.0,11.0,7.0,233.0,238.0,51.0,3.0,99.2,78.11,10.3,10.1,101.0,0.616,15.16,0.902,9.3,2583.0,2035.0,0.02,0.14,Chicago Blackhawks,5.93,45.0,7.0,2012,0.0,13
191,28.9,251.0,82.0,216.0,150.0,170.0,34.0,6.0,27.0,13.0,10.0,249.0,204.0,36.0,6.0,100.9,85.54,9.2,9.5,97.0,0.591,13.55,0.925,8.6,2428.0,2557.0,0.01,0.16,Phoenix Coyotes,5.12,42.0,6.0,2012,0.0,4
192,28.1,270.0,82.0,228.0,126.0,159.0,57.0,3.0,29.0,10.0,5.0,225.0,210.0,52.0,4.0,99.6,76.89,9.6,10.1,96.0,0.585,21.11,0.916,7.9,2773.0,2099.0,0.0,0.22,San Jose Sharks,5.34,43.0,9.0,2012,0.0,14
193,26.7,289.0,82.0,194.0,127.0,130.0,49.0,9.0,27.0,15.0,9.0,293.0,179.0,38.0,2.0,99.1,87.03,11.3,10.8,95.0,0.579,16.96,0.923,7.5,2509.0,2163.0,0.01,0.19,Los Angeles Kings,4.55,40.0,6.0,2012,1.0,1
194,29.0,286.0,82.0,203.0,153.0,140.0,53.0,4.0,26.0,18.0,11.0,239.0,227.0,49.0,6.0,99.4,79.5,9.7,10.2,94.0,0.573,18.53,0.914,8.1,2433.0,2375.0,-0.03,-0.33,Florida Panthers,5.24,38.0,6.0,2012,0.0,15
195,27.8,270.0,82.0,249.0,172.0,185.0,49.0,9.0,31.0,10.0,4.0,310.0,240.0,57.0,7.0,100.1,81.61,14.0,12.2,92.0,0.561,18.15,0.91,9.4,2574.0,2627.0,-0.02,0.09,Ottawa Senators,5.96,41.0,6.0,2012,0.0,16
196,27.6,245.0,82.0,222.0,167.0,174.0,41.0,3.0,32.0,8.0,4.0,266.0,230.0,49.0,10.0,100.4,81.58,9.4,8.3,92.0,0.561,16.73,0.909,9.5,2295.0,2475.0,-0.03,-0.13,Washington Capitals,5.51,42.0,4.0,2012,0.0,8
197,29.6,260.0,82.0,202.0,166.0,150.0,46.0,3.0,29.0,16.0,9.0,268.0,226.0,42.0,6.0,100.3,84.33,10.8,10.4,90.0,0.5489999999999999,17.69,0.914,8.8,2258.0,2483.0,0.01,-0.28,Calgary Flames,5.22,37.0,3.0,2012,0.0,17
198,28.4,244.0,82.0,211.0,153.0,166.0,33.0,5.0,35.0,5.0,4.0,303.0,222.0,52.0,3.0,99.8,82.84,12.6,9.4,89.0,0.5429999999999999,13.52,0.91,8.8,2314.0,2253.0,0.03,-0.1,Dallas Stars,5.28,42.0,7.0,2012,0.0,18
199,27.0,258.0,82.0,218.0,162.0,162.0,44.0,5.0,32.0,11.0,7.0,257.0,230.0,47.0,7.0,100.6,81.71,11.0,11.7,89.0,0.5429999999999999,17.05,0.914,8.8,2397.0,2501.0,0.0,-0.15,Buffalo Sabres,5.46,39.0,7.0,2012,0.0,19
200,25.9,223.0,82.0,208.0,150.0,153.0,41.0,5.0,35.0,6.0,2.0,277.0,220.0,47.0,4.0,99.2,83.03,11.0,8.8,88.0,0.537,18.39,0.912,7.7,2583.0,2270.0,0.01,-0.13,Colorado Avalanche,5.22,41.0,9.0,2012,0.0,20
201,29.5,269.0,82.0,235.0,194.0,189.0,41.0,2.0,36.0,8.0,3.0,284.0,281.0,59.0,12.0,100.1,79.23,10.5,9.8,84.0,0.512,15.24,0.887,10.4,2227.0,2340.0,-0.01,-0.57,Tampa Bay Lightning,6.29,38.0,3.0,2012,0.0,21
202,26.2,251.0,82.0,225.0,176.0,173.0,45.0,3.0,35.0,10.0,4.0,292.0,246.0,58.0,8.0,99.8,80.14,11.0,9.7,84.0,0.512,17.93,0.902,8.9,2471.0,2470.0,-0.04,-0.3,Winnipeg Jets,5.74,37.0,4.0,2012,0.0,22
203,26.5,294.0,82.0,213.0,184.0,150.0,49.0,12.0,33.0,16.0,6.0,252.0,243.0,49.0,4.0,99.5,80.56,9.3,10.9,82.0,0.5,16.67,0.911,8.5,2497.0,2653.0,-0.02,-0.39,Carolina Hurricanes,5.56,33.0,1.0,2012,0.0,23
204,27.4,258.0,82.0,177.0,158.0,122.0,39.0,5.0,36.0,11.0,9.0,285.0,226.0,51.0,4.0,98.9,82.11,12.1,12.2,81.0,0.494,15.12,0.915,7.6,2174.0,2513.0,0.02,-0.58,Minnesota Wild,4.91,35.0,11.0,2012,0.0,24
205,28.5,271.0,82.0,204.0,168.0,152.0,45.0,4.0,36.0,12.0,7.0,283.0,231.0,51.0,5.0,99.6,81.98,12.0,11.2,80.0,0.488,16.61,0.905,8.8,2291.0,2367.0,0.04,-0.29,Anaheim Ducks,5.3,34.0,3.0,2012,0.0,25
206,25.9,267.0,82.0,231.0,195.0,173.0,49.0,5.0,37.0,10.0,5.0,242.0,264.0,55.0,6.0,99.5,77.27,10.0,10.3,80.0,0.488,18.35,0.898,9.8,2322.0,2499.0,0.02,-0.38,Toronto Maple Leafs,6.04,35.0,4.0,2012,0.0,26
207,27.8,243.0,82.0,203.0,200.0,147.0,45.0,4.0,37.0,11.0,4.0,236.0,255.0,46.0,5.0,98.2,80.51,9.3,9.0,79.0,0.482,18.52,0.898,8.1,2410.0,2469.0,0.05,-0.58,New York Islanders,5.59,34.0,7.0,2012,0.0,27
208,26.8,301.0,82.0,212.0,156.0,154.0,43.0,10.0,35.0,16.0,12.0,315.0,226.0,36.0,8.0,100.4,88.57,11.6,10.6,78.0,0.476,14.29,0.912,8.8,2340.0,2178.0,0.0,-0.17,Montreal Canadiens,5.34,31.0,5.0,2012,0.0,28
209,27.4,262.0,82.0,212.0,170.0,148.0,54.0,5.0,40.0,10.0,7.0,296.0,239.0,52.0,8.0,100.1,82.43,11.5,10.0,74.0,0.451,20.61,0.909,9.5,2186.0,2493.0,0.01,-0.32,Edmonton Oilers,5.5,32.0,5.0,2012,0.0,29
210,26.7,317.0,82.0,202.0,176.0,142.0,49.0,7.0,46.0,7.0,5.0,274.0,262.0,64.0,8.0,99.2,76.64,12.6,13.1,65.0,0.396,15.46,0.899,8.1,2454.0,2387.0,0.08,-0.65,Columbus Blue Jackets,5.66,29.0,4.0,2012,0.0,30
211,28.1,296.0,82.0,262.0,133.0,180.0,72.0,6.0,19.0,9.0,5.0,312.0,185.0,45.0,2.0,101.3,85.58,11.5,11.2,117.0,0.713,24.32,0.927,9.8,2624.0,2470.0,-0.07,0.87,Vancouver Canucks,5.45,54.0,4.0,2011,0.0,2
212,25.9,263.0,82.0,224.0,143.0,166.0,46.0,7.0,23.0,11.0,6.0,299.0,197.0,43.0,5.0,100.2,85.62,11.3,10.6,107.0,0.652,17.49,0.92,8.5,2566.0,2375.0,-0.06,0.27,Washington Capitals,5.13,48.0,5.0,2011,0.0,6
213,27.6,295.0,82.0,259.0,149.0,194.0,49.0,13.0,23.0,12.0,7.0,313.0,223.0,54.0,5.0,101.1,82.75,13.6,12.7,106.0,0.6459999999999999,16.61,0.912,9.8,2605.0,2361.0,-0.04,0.4,Philadelphia Flyers,5.88,47.0,3.0,2011,0.0,5
214,27.4,311.0,82.0,238.0,145.0,166.0,49.0,13.0,25.0,8.0,3.0,324.0,199.0,45.0,6.0,100.1,86.11,16.9,16.5,106.0,0.6459999999999999,15.76,0.917,8.8,2581.0,2352.0,-0.05,0.43,Pittsburgh Penguins,5.33,49.0,10.0,2011,0.0,9
215,27.9,290.0,82.0,248.0,139.0,169.0,68.0,6.0,25.0,9.0,5.0,273.0,213.0,56.0,7.0,100.2,79.49,11.3,11.7,105.0,0.64,23.45,0.913,8.6,2832.0,2268.0,0.02,0.44,San Jose Sharks,5.62,48.0,5.0,2011,0.0,3
216,30.7,301.0,82.0,261.0,177.0,185.0,67.0,5.0,25.0,10.0,4.0,300.0,241.0,53.0,7.0,99.6,82.33,9.2,9.5,104.0,0.634,22.26,0.906,9.3,2757.0,2514.0,0.03,0.27,Detroit Red Wings,6.12,47.0,4.0,2011,0.0,7
217,29.0,336.0,82.0,247.0,147.0,171.0,69.0,1.0,25.0,11.0,6.0,302.0,240.0,49.0,16.0,99.2,83.77,11.0,10.5,103.0,0.628,20.54,0.904,9.3,2605.0,2102.0,-0.05,0.04,Tampa Bay Lightning,5.94,46.0,6.0,2011,0.0,4
218,28.3,266.0,82.0,246.0,127.0,190.0,43.0,11.0,25.0,11.0,6.0,265.0,195.0,46.0,5.0,102.1,82.64,13.6,13.4,103.0,0.628,16.17,0.931,9.1,2696.0,2557.0,-0.07,0.56,Boston Bruins,5.38,46.0,2.0,2011,1.0,1
219,29.0,289.0,82.0,231.0,150.0,175.0,46.0,5.0,26.0,13.0,6.0,296.0,226.0,64.0,6.0,101.1,78.38,10.5,10.1,99.0,0.604,15.92,0.918,9.1,2486.0,2673.0,0.05,0.11,Phoenix Coyotes,5.57,43.0,5.0,2011,0.0,10
220,26.7,269.0,82.0,219.0,126.0,167.0,41.0,5.0,27.0,11.0,4.0,272.0,194.0,41.0,2.0,101.5,84.93,8.8,7.2,99.0,0.604,15.24,0.923,9.0,2361.0,2127.0,0.01,0.31,Nashville Predators,5.04,44.0,6.0,2011,0.0,8
221,28.9,285.0,82.0,239.0,163.0,161.0,67.0,7.0,30.0,5.0,2.0,305.0,235.0,57.0,7.0,100.1,81.31,14.4,12.8,99.0,0.604,23.51,0.911,10.1,2334.0,2492.0,0.05,0.09,Anaheim Ducks,5.78,47.0,4.0,2011,0.0,11
222,26.3,291.0,82.0,219.0,133.0,158.0,47.0,4.0,30.0,6.0,2.0,276.0,198.0,40.0,6.0,100.4,85.51,11.7,9.9,98.0,0.598,16.15,0.915,8.8,2363.0,2016.0,0.03,0.29,Los Angeles Kings,5.09,46.0,10.0,2011,0.0,12
223,26.7,277.0,82.0,258.0,135.0,182.0,64.0,6.0,29.0,9.0,5.0,255.0,225.0,53.0,4.0,100.0,79.22,9.0,8.1,97.0,0.591,23.1,0.909,9.6,2637.0,2032.0,0.01,0.41,Chicago Blackhawks,5.89,44.0,6.0,2011,0.0,13
224,27.6,290.0,82.0,216.0,136.0,151.0,57.0,5.0,30.0,8.0,3.0,327.0,209.0,51.0,6.0,99.7,84.4,13.3,11.4,96.0,0.585,19.66,0.916,8.2,2602.0,2279.0,-0.04,0.05,Montreal Canadiens,5.18,44.0,3.0,2011,0.0,14
225,27.5,279.0,82.0,245.0,154.0,184.0,54.0,2.0,29.0,10.0,1.0,300.0,229.0,51.0,13.0,100.2,83.0,11.7,10.6,96.0,0.585,19.35,0.908,8.9,2690.0,2348.0,-0.04,0.15,Buffalo Sabres,5.78,43.0,5.0,2011,0.0,15
226,28.0,306.0,82.0,227.0,152.0,157.0,55.0,10.0,29.0,11.0,7.0,277.0,233.0,55.0,15.0,101.0,80.14,13.0,13.6,95.0,0.579,17.97,0.91,9.8,2269.0,2435.0,0.05,-0.02,Dallas Stars,5.61,42.0,5.0,2011,0.0,16
227,30.0,318.0,82.0,250.0,168.0,172.0,62.0,7.0,29.0,12.0,7.0,282.0,237.0,53.0,9.0,100.1,81.21,10.2,11.2,94.0,0.573,19.5,0.902,9.6,2501.0,2338.0,-0.02,0.14,Calgary Flames,5.94,41.0,9.0,2011,0.0,17
228,26.2,290.0,82.0,233.0,148.0,164.0,49.0,11.0,33.0,5.0,3.0,257.0,198.0,42.0,5.0,100.6,83.66,13.1,14.6,93.0,0.5670000000000001,16.9,0.919,9.1,2453.0,2410.0,-0.06,0.37,New York Rangers,5.26,44.0,9.0,2011,0.0,18
229,26.6,346.0,82.0,236.0,171.0,169.0,55.0,7.0,31.0,11.0,5.0,272.0,239.0,51.0,6.0,100.4,81.25,10.2,12.3,91.0,0.555,15.9,0.913,9.2,2517.0,2612.0,-0.04,-0.08,Carolina Hurricanes,5.79,40.0,5.0,2011,0.0,19
230,25.7,279.0,82.0,240.0,176.0,177.0,52.0,7.0,33.0,11.0,6.0,279.0,234.0,51.0,1.0,99.5,81.72,14.9,15.5,87.0,0.53,18.64,0.9,9.5,2475.0,2274.0,0.04,0.11,St Louis Blues,5.78,38.0,4.0,2011,0.0,20
231,28.9,292.0,82.0,206.0,164.0,143.0,53.0,7.0,35.0,8.0,5.0,309.0,233.0,53.0,7.0,100.3,82.85,12.0,12.1,86.0,0.524,18.15,0.914,9.5,2148.0,2594.0,0.03,-0.3,Minnesota Wild,5.35,39.0,3.0,2011,0.0,21
232,25.7,326.0,82.0,218.0,175.0,156.0,52.0,5.0,34.0,11.0,6.0,275.0,251.0,62.0,8.0,100.5,77.45,12.0,13.7,85.0,0.518,15.95,0.904,9.0,2360.0,2540.0,0.0,-0.41,Toronto Maple Leafs,5.72,37.0,5.0,2011,0.0,22
233,29.9,237.0,82.0,174.0,159.0,134.0,34.0,3.0,39.0,5.0,2.0,241.0,209.0,40.0,8.0,98.1,83.4,9.3,9.5,81.0,0.494,14.35,0.903,7.3,2344.0,2139.0,0.02,-0.41,New Jersey Devils,4.67,38.0,3.0,2011,0.0,23
234,26.8,301.0,82.0,215.0,163.0,162.0,42.0,6.0,35.0,13.0,8.0,314.0,258.0,62.0,11.0,98.9,80.25,13.6,12.3,81.0,0.494,13.95,0.9,8.4,2506.0,2247.0,0.08,-0.45,Columbus Blue Jackets,5.77,34.0,5.0,2011,0.0,24
235,26.1,289.0,82.0,223.0,183.0,159.0,53.0,6.0,36.0,12.0,7.0,285.0,269.0,64.0,10.0,99.0,77.54,11.3,9.6,80.0,0.488,18.34,0.902,8.4,2581.0,2566.0,-0.01,-0.57,Atlanta Thrashers,6.0,34.0,5.0,2011,0.0,25
236,28.1,257.0,82.0,192.0,193.0,139.0,45.0,6.0,40.0,10.0,5.0,295.0,250.0,48.0,4.0,97.9,83.73,14.0,11.8,74.0,0.451,17.51,0.904,8.0,2381.0,2559.0,0.02,-0.69,Ottawa Senators,5.39,32.0,2.0,2011,0.0,26
237,26.2,302.0,82.0,229.0,199.0,158.0,52.0,15.0,39.0,13.0,6.0,310.0,264.0,52.0,7.0,99.2,83.23,18.5,16.2,73.0,0.445,17.22,0.902,9.3,2408.0,2620.0,0.01,-0.42,New York Islanders,6.01,30.0,4.0,2011,0.0,27
238,28.3,267.0,82.0,195.0,167.0,152.0,35.0,4.0,40.0,12.0,7.0,267.0,229.0,41.0,5.0,99.2,84.64,8.7,8.8,72.0,0.439,13.11,0.916,7.7,2493.0,2483.0,-0.01,-0.43,Florida Panthers,5.17,30.0,4.0,2011,0.0,28
239,25.9,265.0,82.0,227.0,188.0,164.0,49.0,8.0,44.0,8.0,1.0,314.0,288.0,75.0,11.0,99.4,76.11,13.1,10.6,68.0,0.415,18.49,0.89,9.2,2394.0,2438.0,0.05,-0.7,Colorado Avalanche,6.28,30.0,6.0,2011,0.0,29
240,26.2,304.0,82.0,193.0,169.0,139.0,44.0,8.0,45.0,12.0,9.0,321.0,269.0,74.0,2.0,98.9,76.95,15.5,13.5,62.0,0.378,14.47,0.902,8.7,2188.0,2359.0,0.06,-0.87,Edmonton Oilers,5.63,25.0,2.0,2011,0.0,30
241,27.2,313.0,82.0,318.0,152.0,230.0,79.0,4.0,15.0,13.0,6.0,316.0,233.0,67.0,8.0,102.7,78.8,11.6,11.2,121.0,0.738,25.24,0.91,11.6,2693.0,2535.0,-0.14,0.9,Washington Capitals,6.72,54.0,5.0,2010,0.0,9
242,29.3,309.0,82.0,264.0,135.0,184.0,65.0,8.0,20.0,11.0,6.0,324.0,215.0,49.0,9.0,101.3,84.88,14.1,11.5,113.0,0.6890000000000001,21.04,0.919,9.9,2602.0,2272.0,0.05,0.65,San Jose Sharks,5.84,51.0,7.0,2010,0.0,3
243,26.6,294.0,82.0,271.0,153.0,197.0,52.0,13.0,22.0,8.0,6.0,266.0,209.0,40.0,4.0,99.0,84.96,11.3,11.2,112.0,0.6829999999999999,17.69,0.902,9.4,2798.0,1982.0,0.02,0.77,Chicago Blackhawks,5.85,52.0,9.0,2010,1.0,1
244,28.2,314.0,82.0,225.0,141.0,162.0,46.0,3.0,25.0,7.0,6.0,317.0,202.0,49.0,6.0,100.1,84.54,11.3,10.8,107.0,0.652,14.65,0.919,8.4,2502.0,2427.0,0.06,0.34,Phoenix Coyotes,5.21,50.0,14.0,2010,0.0,10
245,30.5,272.0,82.0,222.0,131.0,158.0,51.0,7.0,27.0,7.0,5.0,240.0,191.0,41.0,5.0,100.2,82.92,10.5,10.3,103.0,0.628,18.75,0.914,8.8,2459.0,1997.0,-0.07,0.31,New Jersey Devils,5.04,48.0,6.0,2010,0.0,11
246,28.1,323.0,82.0,272.0,149.0,191.0,68.0,8.0,28.0,5.0,4.0,320.0,222.0,59.0,6.0,101.5,81.56,15.5,14.1,103.0,0.628,21.05,0.909,10.6,2534.0,2306.0,-0.01,0.6,Vancouver Canucks,6.02,49.0,4.0,2010,0.0,5
247,30.3,307.0,82.0,229.0,162.0,156.0,59.0,8.0,24.0,14.0,9.0,267.0,216.0,43.0,1.0,98.9,83.9,8.8,9.6,102.0,0.622,19.22,0.914,8.1,2737.0,2386.0,0.07,0.23,Detroit Red Wings,5.43,44.0,6.0,2010,0.0,6
248,26.2,307.0,82.0,241.0,131.0,163.0,64.0,4.0,27.0,9.0,8.0,304.0,219.0,60.0,6.0,99.9,80.26,11.9,11.5,101.0,0.616,20.85,0.907,9.7,2389.0,2000.0,0.05,0.32,Los Angeles Kings,5.61,46.0,10.0,2010,0.0,12
249,27.8,326.0,82.0,257.0,175.0,186.0,56.0,7.0,28.0,7.0,2.0,327.0,237.0,52.0,8.0,99.6,84.1,14.6,14.7,101.0,0.616,17.18,0.9,9.3,2688.0,2350.0,-0.07,0.17,Pittsburgh Penguins,6.02,47.0,8.0,2010,0.0,7
250,27.6,286.0,82.0,225.0,153.0,165.0,47.0,5.0,29.0,6.0,4.0,258.0,225.0,59.0,5.0,100.0,77.13,8.7,9.6,100.0,0.61,16.43,0.909,8.7,2508.0,2364.0,0.06,0.06,Nashville Predators,5.49,47.0,8.0,2010,0.0,13
251,27.8,313.0,82.0,235.0,149.0,172.0,55.0,4.0,27.0,10.0,6.0,284.0,207.0,38.0,3.0,100.2,86.62,11.2,10.1,100.0,0.61,17.57,0.923,8.9,2588.0,2351.0,-0.08,0.26,Buffalo Sabres,5.39,45.0,4.0,2010,0.0,14
252,26.4,310.0,82.0,244.0,154.0,173.0,56.0,8.0,30.0,9.0,5.0,303.0,233.0,60.0,9.0,101.3,80.2,12.5,13.3,95.0,0.579,18.06,0.913,10.4,2287.0,2553.0,0.02,0.16,Colorado Avalanche,5.82,43.0,7.0,2010,0.0,15
253,27.9,290.0,82.0,225.0,174.0,165.0,49.0,5.0,32.0,6.0,5.0,318.0,238.0,50.0,4.0,98.0,84.28,13.9,13.1,94.0,0.573,16.9,0.901,9.0,2436.0,2302.0,-0.06,-0.22,Ottawa Senators,5.65,44.0,5.0,2010,0.0,16
254,28.1,265.0,82.0,206.0,150.0,146.0,44.0,6.0,30.0,13.0,9.0,272.0,200.0,37.0,3.0,99.4,86.4,11.6,11.6,91.0,0.555,16.6,0.922,7.5,2599.0,2444.0,-0.06,0.01,Boston Bruins,4.95,39.0,10.0,2010,0.0,8
255,28.8,268.0,82.0,204.0,141.0,150.0,43.0,7.0,32.0,10.0,7.0,305.0,210.0,54.0,1.0,99.8,82.3,13.9,12.4,90.0,0.5489999999999999,16.04,0.916,8.6,2350.0,2251.0,0.04,-0.03,Calgary Flames,5.05,40.0,3.0,2010,0.0,17
256,27.9,308.0,82.0,225.0,167.0,159.0,53.0,6.0,32.0,10.0,5.0,342.0,223.0,45.0,6.0,100.0,86.84,16.1,15.6,90.0,0.5489999999999999,17.21,0.911,8.9,2445.0,2439.0,0.06,0.08,St Louis Blues,5.46,40.0,7.0,2010,0.0,18
257,27.9,300.0,82.0,238.0,166.0,162.0,63.0,8.0,32.0,11.0,8.0,323.0,251.0,67.0,9.0,100.8,79.26,16.1,15.8,89.0,0.5429999999999999,21.0,0.911,9.4,2472.0,2736.0,0.09,-0.07,Anaheim Ducks,5.96,39.0,5.0,2010,0.0,19
258,28.3,328.0,82.0,237.0,167.0,160.0,61.0,8.0,31.0,14.0,10.0,288.0,254.0,65.0,8.0,100.0,77.43,11.7,12.5,88.0,0.537,18.6,0.904,9.1,2523.0,2490.0,0.09,-0.12,Dallas Stars,5.99,37.0,7.0,2010,0.0,20
259,27.7,318.0,82.0,236.0,157.0,158.0,68.0,5.0,35.0,6.0,3.0,334.0,225.0,57.0,7.0,99.5,82.93,16.6,15.2,88.0,0.537,21.38,0.905,9.0,2589.0,2320.0,-0.06,0.08,Philadelphia Flyers,5.62,41.0,4.0,2010,0.0,2
260,27.5,261.0,82.0,217.0,141.0,149.0,57.0,3.0,33.0,10.0,5.0,311.0,223.0,53.0,8.0,100.4,82.96,11.4,10.1,88.0,0.537,21.84,0.921,9.0,2345.0,2447.0,-0.07,-0.14,Montreal Canadiens,5.37,39.0,7.0,2010,0.0,4
261,26.8,301.0,82.0,222.0,158.0,159.0,55.0,5.0,33.0,11.0,4.0,318.0,218.0,50.0,6.0,100.3,84.28,14.1,13.2,87.0,0.53,18.27,0.913,9.0,2425.0,2450.0,-0.05,0.0,New York Rangers,5.37,38.0,3.0,2010,0.0,21
262,28.6,309.0,82.0,219.0,173.0,151.0,59.0,3.0,36.0,8.0,7.0,306.0,246.0,53.0,13.0,99.9,82.68,11.3,11.2,84.0,0.512,19.09,0.901,9.4,2266.0,2415.0,0.07,-0.26,Minnesota Wild,5.67,38.0,5.0,2010,0.0,22
263,27.5,316.0,82.0,234.0,189.0,170.0,51.0,9.0,34.0,13.0,6.0,320.0,256.0,57.0,4.0,100.5,82.19,12.8,13.0,83.0,0.506,16.14,0.908,9.5,2409.0,2716.0,-0.06,-0.33,Atlanta Thrashers,5.98,35.0,4.0,2010,0.0,23
264,28.9,329.0,82.0,230.0,171.0,163.0,56.0,7.0,37.0,10.0,5.0,320.0,256.0,62.0,8.0,99.6,80.63,11.8,11.3,80.0,0.488,17.02,0.904,9.4,2402.0,2480.0,-0.05,-0.37,Carolina Hurricanes,5.93,35.0,4.0,2010,0.0,24
265,27.0,326.0,82.0,217.0,159.0,148.0,63.0,2.0,36.0,12.0,7.0,336.0,260.0,67.0,6.0,99.4,80.06,16.8,14.3,80.0,0.488,19.33,0.901,9.0,2367.0,2256.0,-0.03,-0.56,Tampa Bay Lightning,5.82,34.0,4.0,2010,0.0,25
266,28.3,306.0,82.0,222.0,182.0,158.0,49.0,7.0,37.0,11.0,6.0,300.0,264.0,71.0,3.0,99.2,76.33,11.6,12.0,79.0,0.482,16.01,0.902,8.6,2493.0,2592.0,-0.02,-0.53,New York Islanders,5.93,34.0,8.0,2010,0.0,26
267,26.1,308.0,82.0,216.0,152.0,152.0,56.0,6.0,35.0,15.0,10.0,334.0,259.0,61.0,8.0,99.0,81.74,13.2,11.5,79.0,0.482,18.18,0.905,9.2,2338.0,2282.0,0.11,-0.42,Columbus Blue Jackets,5.79,32.0,2.0,2010,0.0,27
268,28.1,309.0,82.0,208.0,167.0,151.0,44.0,7.0,37.0,13.0,10.0,286.0,244.0,59.0,8.0,100.8,79.37,11.9,12.8,77.0,0.47,14.24,0.916,8.7,2331.0,2800.0,-0.03,-0.47,Florida Panthers,5.51,32.0,6.0,2010,0.0,28
269,27.0,315.0,82.0,214.0,183.0,162.0,44.0,4.0,38.0,14.0,4.0,288.0,267.0,73.0,6.0,98.9,74.65,13.3,13.5,74.0,0.451,13.97,0.892,7.9,2671.0,2440.0,-0.03,-0.68,Toronto Maple Leafs,5.87,30.0,4.0,2010,0.0,29
270,27.1,301.0,82.0,214.0,185.0,148.0,52.0,6.0,47.0,8.0,6.0,305.0,284.0,67.0,5.0,99.3,78.03,13.8,12.3,62.0,0.378,17.28,0.899,8.9,2321.0,2460.0,0.09,-0.76,Edmonton Oilers,6.07,27.0,8.0,2010,0.0,30
271,28.7,360.0,82.0,257.0,137.0,152.0,87.0,12.0,18.0,11.0,5.0,304.0,204.0,51.0,11.0,99.3,83.22,12.8,14.1,117.0,0.713,24.17,0.911,9.2,2720.0,2228.0,-0.04,0.61,San Jose Sharks,5.62,53.0,6.0,2009,0.0,9
272,28.4,313.0,82.0,274.0,129.0,188.0,74.0,8.0,19.0,10.0,6.0,306.0,196.0,54.0,7.0,102.5,82.35,12.5,12.8,116.0,0.7070000000000001,23.64,0.925,10.9,2482.0,2524.0,-0.06,0.89,Boston Bruins,5.73,53.0,4.0,2009,0.0,5
273,31.2,353.0,82.0,295.0,165.0,193.0,90.0,6.0,21.0,10.0,4.0,327.0,244.0,71.0,4.0,99.6,78.29,10.0,10.9,112.0,0.6829999999999999,25.5,0.894,9.7,2965.0,2274.0,0.0,0.62,Detroit Red Wings,6.57,51.0,6.0,2009,0.0,2
274,27.2,337.0,82.0,272.0,154.0,176.0,85.0,7.0,24.0,8.0,5.0,387.0,245.0,75.0,11.0,99.5,80.62,12.7,11.4,108.0,0.659,25.22,0.901,9.8,2747.0,2418.0,-0.06,0.27,Washington Capitals,6.3,50.0,4.0,2009,0.0,6
275,30.3,307.0,82.0,244.0,138.0,168.0,58.0,12.0,27.0,4.0,2.0,324.0,209.0,65.0,4.0,100.8,79.94,12.9,13.1,106.0,0.6459999999999999,18.89,0.914,8.8,2698.0,2415.0,-0.05,0.38,New Jersey Devils,5.52,51.0,6.0,2009,0.0,10
276,25.9,363.0,82.0,264.0,139.0,180.0,70.0,10.0,24.0,12.0,7.0,330.0,216.0,64.0,6.0,99.8,80.61,14.1,15.2,104.0,0.634,19.28,0.911,9.7,2683.0,2344.0,0.01,0.6,Chicago Blackhawks,5.85,46.0,4.0,2009,0.0,3
277,27.9,357.0,82.0,246.0,139.0,169.0,67.0,7.0,27.0,10.0,7.0,371.0,220.0,69.0,5.0,101.8,81.4,16.5,16.3,100.0,0.61,18.77,0.911,10.4,2335.0,2392.0,-0.02,0.3,Vancouver Canucks,5.68,45.0,3.0,2009,0.0,7
278,26.6,360.0,82.0,264.0,160.0,189.0,62.0,7.0,28.0,9.0,6.0,347.0,239.0,60.0,13.0,101.6,82.71,13.6,14.2,99.0,0.604,17.22,0.906,10.8,2381.0,2484.0,-0.02,0.28,Pittsburgh Penguins,6.13,45.0,6.0,2009,1.0,1
279,27.0,316.0,82.0,264.0,164.0,173.0,71.0,16.0,27.0,11.0,6.0,393.0,238.0,67.0,1.0,100.3,82.95,17.5,14.8,99.0,0.604,22.47,0.913,10.7,2441.0,2668.0,-0.04,0.28,Philadelphia Flyers,6.12,44.0,4.0,2009,0.0,11
280,28.9,358.0,82.0,254.0,173.0,184.0,61.0,6.0,30.0,6.0,2.0,349.0,248.0,58.0,15.0,99.4,83.38,15.8,15.6,98.0,0.598,17.04,0.899,9.5,2643.0,2441.0,0.0,0.07,Calgary Flames,6.12,46.0,3.0,2009,0.0,12
281,27.9,374.0,82.0,239.0,153.0,158.0,70.0,8.0,30.0,7.0,5.0,301.0,226.0,59.0,9.0,99.3,80.4,9.8,12.5,97.0,0.591,18.72,0.909,8.8,2675.0,2419.0,-0.05,0.11,Carolina Hurricanes,5.67,45.0,3.0,2009,0.0,4
282,27.0,346.0,82.0,210.0,158.0,143.0,48.0,9.0,30.0,9.0,6.0,329.0,218.0,40.0,14.0,98.6,87.84,14.6,14.9,95.0,0.579,13.87,0.913,7.5,2658.0,2433.0,-0.01,-0.1,New York Rangers,5.22,43.0,10.0,2009,0.0,13
283,27.6,374.0,82.0,249.0,164.0,160.0,72.0,10.0,30.0,11.0,7.0,370.0,247.0,65.0,11.0,100.4,82.43,15.0,15.8,93.0,0.5670000000000001,19.25,0.908,9.8,2461.0,2600.0,-0.01,0.02,Montreal Canadiens,6.05,41.0,7.0,2009,0.0,14
284,28.6,308.0,82.0,234.0,160.0,173.0,51.0,7.0,30.0,11.0,8.0,311.0,231.0,54.0,9.0,101.5,82.64,11.0,11.3,93.0,0.5670000000000001,16.56,0.922,9.6,2411.0,2843.0,-0.04,0.0,Florida Panthers,5.67,41.0,3.0,2009,0.0,17
285,25.8,322.0,82.0,226.0,149.0,171.0,41.0,8.0,31.0,10.0,7.0,346.0,230.0,62.0,12.0,100.3,82.08,15.0,14.1,92.0,0.561,12.73,0.902,9.3,2370.0,2281.0,0.04,-0.01,Columbus Blue Jackets,5.56,41.0,6.0,2009,0.0,15
286,27.1,351.0,82.0,233.0,161.0,145.0,72.0,10.0,31.0,10.0,6.0,357.0,233.0,58.0,8.0,99.7,83.75,15.2,15.4,92.0,0.561,20.51,0.903,10.0,2271.0,2341.0,0.05,0.05,St Louis Blues,5.68,41.0,6.0,2009,0.0,16
287,28.1,358.0,82.0,250.0,163.0,160.0,75.0,7.0,32.0,9.0,5.0,336.0,234.0,61.0,5.0,100.4,81.85,13.7,14.6,91.0,0.555,20.95,0.911,9.7,2505.0,2575.0,-0.02,0.18,Buffalo Sabres,5.9,41.0,8.0,2009,0.0,18
288,29.2,309.0,82.0,245.0,149.0,159.0,73.0,6.0,33.0,7.0,3.0,385.0,238.0,78.0,8.0,100.7,79.74,17.4,15.4,91.0,0.555,23.62,0.906,9.6,2481.0,2499.0,0.0,0.09,Anaheim Ducks,5.89,42.0,7.0,2009,0.0,8
289,27.7,328.0,82.0,219.0,155.0,139.0,66.0,9.0,33.0,9.0,3.0,291.0,200.0,36.0,6.0,100.1,87.63,10.8,11.7,89.0,0.5429999999999999,20.12,0.922,9.5,2257.0,2518.0,-0.02,0.22,Minnesota Wild,5.11,40.0,5.0,2009,0.0,19
290,27.6,318.0,82.0,213.0,161.0,148.0,50.0,9.0,34.0,8.0,5.0,338.0,233.0,59.0,8.0,100.0,82.54,12.1,11.8,88.0,0.537,15.72,0.905,8.7,2375.0,2411.0,0.06,-0.19,Nashville Predators,5.44,40.0,6.0,2009,0.0,20
291,28.8,354.0,82.0,234.0,160.0,165.0,60.0,3.0,35.0,9.0,4.0,338.0,248.0,76.0,8.0,101.1,77.51,15.2,15.4,85.0,0.518,16.95,0.909,9.9,2303.0,2668.0,0.01,-0.16,Edmonton Oilers,5.88,38.0,6.0,2009,0.0,21
292,28.5,351.0,82.0,230.0,177.0,168.0,54.0,2.0,35.0,11.0,6.0,327.0,257.0,70.0,4.0,99.6,78.59,14.0,15.0,83.0,0.506,15.38,0.8909999999999999,9.5,2369.0,2303.0,0.03,-0.3,Dallas Stars,5.94,36.0,6.0,2009,0.0,22
293,27.9,339.0,82.0,217.0,162.0,139.0,66.0,8.0,35.0,11.0,6.0,346.0,237.0,64.0,5.0,99.1,81.5,13.4,13.1,83.0,0.506,19.47,0.901,8.9,2405.0,2336.0,0.01,-0.23,Ottawa Senators,5.54,36.0,4.0,2009,0.0,23
294,28.0,330.0,82.0,250.0,201.0,176.0,62.0,6.0,35.0,13.0,7.0,308.0,293.0,78.0,7.0,98.9,74.68,13.7,14.4,81.0,0.494,18.79,0.885,9.4,2603.0,2480.0,0.03,-0.49,Toronto Maple Leafs,6.62,34.0,6.0,2009,0.0,24
295,26.6,341.0,82.0,208.0,177.0,150.0,50.0,5.0,39.0,7.0,3.0,293.0,252.0,68.0,4.0,99.7,76.79,13.3,15.0,79.0,0.482,14.66,0.904,8.9,2302.0,2591.0,0.04,-0.5,Phoenix Coyotes,5.61,36.0,3.0,2009,0.0,25
296,25.5,360.0,82.0,207.0,156.0,129.0,69.0,4.0,37.0,11.0,8.0,361.0,234.0,62.0,8.0,98.8,82.83,14.7,13.7,79.0,0.482,19.17,0.902,8.5,2383.0,2301.0,0.04,-0.29,Los Angeles Kings,5.38,34.0,5.0,2009,0.0,26
297,27.9,357.0,82.0,257.0,181.0,168.0,69.0,13.0,41.0,6.0,1.0,366.0,280.0,88.0,10.0,100.7,75.96,15.3,14.6,76.0,0.463,19.33,0.8959999999999999,10.8,2306.0,2683.0,-0.02,-0.3,Atlanta Thrashers,6.55,35.0,7.0,2009,0.0,27
298,28.6,318.0,82.0,199.0,181.0,136.0,50.0,4.0,45.0,5.0,4.0,318.0,257.0,64.0,8.0,98.0,79.87,13.0,12.6,69.0,0.421,15.72,0.894,8.1,2359.0,2376.0,0.05,-0.66,Colorado Avalanche,5.56,32.0,9.0,2009,0.0,28
299,27.4,343.0,82.0,210.0,171.0,142.0,61.0,4.0,40.0,18.0,10.0,405.0,279.0,89.0,9.0,99.8,78.02,15.9,13.4,66.0,0.402,17.78,0.9,8.9,2337.0,2701.0,0.03,-0.81,Tampa Bay Lightning,5.96,24.0,3.0,2009,0.0,29
300,27.7,320.0,82.0,201.0,196.0,132.0,54.0,12.0,47.0,9.0,5.0,361.0,279.0,73.0,5.0,98.4,79.78,14.8,13.1,61.0,0.3720000000000001,16.88,0.9,8.3,2372.0,2751.0,0.05,-0.91,New York Islanders,5.85,26.0,3.0,2009,0.0,30
301,32.1,391.0,82.0,257.0,115.0,166.0,81.0,5.0,21.0,7.0,5.0,357.0,184.0,57.0,7.0,100.0,84.03,11.4,12.7,115.0,0.701,20.72,0.907,8.9,2820.0,1930.0,0.04,0.93,Detroit Red Wings,5.38,54.0,5.0,2008,1.0,1
302,27.7,374.0,82.0,222.0,134.0,139.0,70.0,7.0,23.0,10.0,6.0,310.0,193.0,44.0,9.0,99.1,85.81,13.1,15.7,108.0,0.659,18.72,0.906,8.9,2428.0,1981.0,0.12,0.47,San Jose Sharks,5.06,49.0,6.0,2008,0.0,5
303,27.6,374.0,82.0,262.0,151.0,159.0,90.0,8.0,25.0,10.0,6.0,342.0,222.0,60.0,3.0,101.3,82.46,13.3,14.1,104.0,0.634,24.06,0.917,10.8,2382.0,2589.0,-0.14,0.35,Montreal Canadiens,5.9,47.0,5.0,2008,0.0,6
304,26.9,378.0,82.0,247.0,134.0,157.0,77.0,6.0,27.0,8.0,4.0,357.0,216.0,68.0,10.0,101.9,80.95,14.4,15.1,102.0,0.622,20.37,0.916,10.6,2268.0,2523.0,-0.14,0.24,Pittsburgh Penguins,5.65,47.0,7.0,2008,0.0,2
305,29.7,361.0,82.0,205.0,108.0,129.0,60.0,8.0,27.0,8.0,7.0,408.0,191.0,69.0,7.0,100.8,83.09,18.1,16.9,102.0,0.622,16.62,0.92,8.8,2241.0,2299.0,0.13,0.3,Anaheim Ducks,4.83,47.0,8.0,2008,0.0,9
306,29.2,320.0,82.0,206.0,133.0,142.0,50.0,6.0,29.0,7.0,4.0,314.0,197.0,54.0,7.0,99.7,82.8,11.9,12.0,99.0,0.604,15.63,0.914,8.4,2362.0,2257.0,-0.11,0.0,New Jersey Devils,4.91,46.0,8.0,2008,0.0,10
307,27.7,338.0,82.0,223.0,151.0,153.0,64.0,3.0,28.0,10.0,8.0,330.0,218.0,49.0,10.0,100.7,85.15,13.4,14.1,98.0,0.598,18.93,0.915,9.9,2218.0,2469.0,0.1,0.16,Minnesota Wild,5.38,44.0,3.0,2008,0.0,11
308,27.4,370.0,82.0,213.0,130.0,140.0,61.0,4.0,27.0,13.0,9.0,343.0,199.0,53.0,6.0,99.8,84.55,14.1,14.3,97.0,0.591,16.49,0.911,7.9,2579.0,2124.0,-0.12,0.05,New York Rangers,5.02,42.0,8.0,2008,0.0,7
309,29.0,354.0,82.0,242.0,145.0,160.0,64.0,13.0,30.0,7.0,3.0,354.0,207.0,51.0,8.0,100.3,85.59,14.3,14.6,97.0,0.591,18.08,0.905,10.8,2187.0,2137.0,0.11,0.54,Dallas Stars,5.48,45.0,5.0,2008,0.0,3
310,28.1,385.0,82.0,248.0,156.0,148.0,84.0,13.0,29.0,11.0,6.0,388.0,233.0,65.0,6.0,100.4,83.25,17.9,17.3,95.0,0.579,21.82,0.913,10.4,2358.0,2609.0,-0.12,0.06,Philadelphia Flyers,5.87,42.0,3.0,2008,0.0,4
311,28.5,335.0,82.0,231.0,155.0,173.0,49.0,2.0,31.0,7.0,3.0,301.0,219.0,56.0,5.0,100.7,81.4,12.1,12.9,95.0,0.579,14.63,0.903,9.5,2349.0,2237.0,0.09,0.24,Colorado Avalanche,5.49,44.0,7.0,2008,0.0,8
312,28.5,328.0,82.0,261.0,164.0,180.0,60.0,18.0,31.0,8.0,5.0,380.0,247.0,72.0,6.0,100.5,81.05,14.3,13.3,94.0,0.573,18.29,0.901,10.4,2471.0,2456.0,-0.11,0.06,Ottawa Senators,6.2,43.0,3.0,2008,0.0,12
313,28.1,319.0,82.0,212.0,138.0,141.0,56.0,9.0,29.0,12.0,7.0,332.0,222.0,71.0,6.0,100.4,78.61,13.0,12.9,94.0,0.573,17.55,0.914,8.8,2339.0,2495.0,-0.08,-0.2,Boston Bruins,5.29,41.0,6.0,2008,0.0,13
314,29.5,352.0,82.0,229.0,144.0,158.0,59.0,9.0,30.0,10.0,3.0,389.0,227.0,72.0,8.0,100.6,81.49,16.4,15.3,94.0,0.573,16.76,0.904,9.8,2316.0,2335.0,0.1,0.13,Calgary Flames,5.56,42.0,3.0,2008,0.0,14
315,27.3,346.0,82.0,242.0,151.0,168.0,65.0,5.0,31.0,8.0,4.0,349.0,231.0,68.0,8.0,99.3,80.52,11.9,11.9,94.0,0.573,18.79,0.9,9.4,2538.0,2259.0,-0.19,-0.06,Washington Capitals,5.77,43.0,4.0,2008,0.0,15
316,29.3,420.0,82.0,252.0,158.0,167.0,79.0,4.0,33.0,6.0,3.0,355.0,249.0,75.0,13.0,99.7,78.87,14.4,16.6,92.0,0.561,18.81,0.8959999999999999,9.4,2669.0,2368.0,-0.18,-0.15,Carolina Hurricanes,6.11,43.0,2.0,2008,0.0,17
317,28.1,358.0,82.0,230.0,165.0,167.0,53.0,7.0,32.0,9.0,5.0,335.0,229.0,49.0,10.0,100.2,85.37,12.5,13.4,91.0,0.555,14.8,0.908,9.4,2425.0,2440.0,0.12,0.13,Nashville Predators,5.6,41.0,3.0,2008,0.0,16
318,26.8,366.0,82.0,255.0,168.0,176.0,66.0,9.0,31.0,12.0,9.0,333.0,242.0,56.0,8.0,100.3,83.18,12.2,13.5,90.0,0.5489999999999999,18.03,0.9,10.1,2478.0,2326.0,-0.11,0.05,Buffalo Sabres,6.06,39.0,4.0,2008,0.0,18
319,28.1,369.0,82.0,213.0,135.0,136.0,63.0,8.0,33.0,10.0,9.0,368.0,215.0,64.0,7.0,100.4,82.61,18.0,18.6,88.0,0.537,17.07,0.913,9.2,2252.0,2367.0,0.11,0.08,Vancouver Canucks,5.22,39.0,6.0,2008,0.0,19
320,26.8,365.0,82.0,239.0,156.0,159.0,58.0,17.0,34.0,8.0,4.0,385.0,235.0,69.0,6.0,100.6,82.08,16.9,16.1,88.0,0.537,15.89,0.902,10.2,2298.0,2346.0,0.12,0.16,Chicago Blackhawks,5.78,40.0,5.0,2008,0.0,20
321,27.1,344.0,82.0,235.0,181.0,156.0,57.0,7.0,35.0,6.0,4.0,366.0,251.0,56.0,10.0,99.9,84.7,14.3,13.8,88.0,0.537,16.57,0.904,10.2,2156.0,2573.0,0.12,-0.07,Edmonton Oilers,5.93,41.0,15.0,2008,0.0,21
322,28.1,313.0,82.0,216.0,151.0,147.0,60.0,4.0,35.0,9.0,6.0,374.0,226.0,66.0,3.0,100.3,82.35,12.5,11.8,85.0,0.518,19.17,0.92,8.3,2549.0,2752.0,-0.17,-0.29,Florida Panthers,5.39,38.0,5.0,2008,0.0,22
323,26.5,339.0,82.0,214.0,149.0,135.0,63.0,11.0,37.0,7.0,6.0,332.0,231.0,64.0,12.0,99.5,80.72,14.5,13.6,83.0,0.506,18.58,0.911,8.4,2500.0,2518.0,0.17,-0.04,Phoenix Coyotes,5.43,38.0,5.0,2008,0.0,23
324,28.4,343.0,82.0,231.0,169.0,163.0,61.0,4.0,35.0,11.0,4.0,352.0,260.0,77.0,10.0,98.9,78.13,13.3,12.4,83.0,0.506,17.78,0.893,9.0,2542.0,2402.0,-0.06,-0.42,Toronto Maple Leafs,5.99,36.0,3.0,2008,0.0,24
325,27.2,356.0,82.0,193.0,142.0,129.0,53.0,8.0,36.0,12.0,8.0,378.0,218.0,63.0,5.0,98.7,83.33,16.2,15.2,80.0,0.488,14.89,0.907,8.0,2381.0,2249.0,0.15,-0.16,Columbus Blue Jackets,5.01,34.0,3.0,2008,0.0,25
326,28.4,334.0,82.0,205.0,163.0,152.0,47.0,3.0,36.0,13.0,5.0,359.0,237.0,56.0,13.0,99.9,84.4,14.1,13.6,79.0,0.482,14.07,0.897,9.4,2141.0,2249.0,0.16,-0.24,St Louis Blues,5.39,33.0,3.0,2008,0.0,26
327,28.3,330.0,82.0,194.0,157.0,131.0,48.0,10.0,38.0,9.0,3.0,375.0,243.0,68.0,15.0,99.1,81.87,12.7,11.7,79.0,0.482,14.55,0.904,7.8,2431.0,2488.0,-0.05,-0.65,New York Islanders,5.33,35.0,5.0,2008,0.0,27
328,29.3,316.0,82.0,216.0,181.0,142.0,52.0,13.0,40.0,8.0,6.0,354.0,272.0,75.0,10.0,100.0,78.81,13.1,11.4,76.0,0.463,16.46,0.904,9.8,2115.0,2782.0,-0.12,-0.8,Atlanta Thrashers,5.95,34.0,9.0,2008,0.0,28
329,27.7,367.0,82.0,231.0,191.0,151.0,64.0,11.0,43.0,7.0,3.0,309.0,266.0,68.0,4.0,99.5,77.99,11.6,12.7,71.0,0.433,17.44,0.9,9.6,2349.0,2625.0,0.19,-0.24,Los Angeles Kings,6.06,32.0,5.0,2008,0.0,29
330,27.9,296.0,82.0,223.0,203.0,157.0,57.0,7.0,42.0,9.0,1.0,312.0,267.0,56.0,7.0,98.0,82.05,12.7,11.0,71.0,0.433,19.26,0.885,9.4,2354.0,2311.0,-0.13,-0.67,Tampa Bay Lightning,5.98,31.0,2.0,2008,0.0,30
